,Time,fold_a119d,fold_a119t,fold_a138d,fold_a138p,fold_a138s,fold_a138t,fold_a138v,fold_a276d,fold_a276g,fold_a276p,fold_a276s,fold_a276t,fold_a276v,fold_c238g,fold_c238s,fold_c238y,fold_c242f,fold_c242g,fold_c242r,fold_c242s,fold_c242w,fold_c242y,fold_c275f,fold_c275g,fold_c275r,fold_c275s,fold_c275w,fold_c275y,fold_c277f,fold_c277g,fold_c277r,fold_c277s,fold_c277w,fold_c277y,fold_d281a,fold_d281e,fold_d281g,fold_d281h,fold_d281n,fold_d281r,fold_d281v,fold_d281y,fold_e285a,fold_e285d,fold_e285g,fold_e285k,fold_e285q,fold_e285v,fold_k120e,fold_k120m,fold_k120q,fold_k120r,fold_k139e,fold_k139n,fold_k139q,fold_k139r,fold_k139t,fold_l137m,fold_l137p,fold_l137q,fold_l137v,fold_m243i,fold_m243k,fold_m243l,fold_m243r,fold_m243t,fold_m243v,fold_n239d,fold_n239h,fold_n239i,fold_n239k,fold_n239s,fold_n239t,fold_n239y,fold_n247d,fold_n247f,fold_n247i,fold_n247k,fold_n247s,fold_n247t,fold_n247y,fold_p278a,fold_p278f,fold_p278h,fold_p278l,fold_p278r,fold_p278s,fold_p278t,fold_q136e,fold_q136h,fold_q136k,fold_q136p,fold_q136r,fold_r248c,fold_r248g,fold_r248l,fold_r248p,fold_r248q,fold_r248s,fold_r248w,fold_r273c,fold_r273g,fold_r273h,fold_r273l,fold_r273n,fold_r273p,fold_r273q,fold_r273s,fold_r273y,fold_r280g,fold_r280i,fold_r280k,fold_r280p,fold_r280s,fold_r280t,fold_r282g,fold_r282h,fold_r282l,fold_r282p,fold_r282q,fold_r282w,fold_r283c,fold_r283g,fold_r283h,fold_r283l,fold_r283p,fold_r283s,fold_s121f,fold_s240c,fold_s240g,fold_s240i,fold_s240n,fold_s240p,fold_s240r,fold_s240t,fold_s241a,fold_s241c,fold_s241f,fold_s241p,fold_s241t,fold_s241y,fold_t123i,fold_t123n,fold_t284a,fold_t284e,fold_t284i,fold_t284k,fold_t284p,fold_wt
0,0,0.022813,0.0225052,0.020892,0.0229723,0.0225526,0.0230384,0.0223929,0.0219407,0.0220446,0.0214397,0.0220444,0.0207065,0.0220694,0.0214278,0.0215518,0.0233065,0.0216046,0.0222794,0.0214879,0.0225996,0.0224407,0.0218706,0.0216399,0.0222587,0.0220545,0.0221035,0.0223514,0.0226942,0.0216807,0.0228372,0.0213199,0.0214395,0.0213285,0.0234805,0.0240546,0.0220411,0.0219638,0.0232482,0.0213818,0.0221497,0.0212355,0.0217868,0.0214327,0.0220666,0.0230621,0.0222686,0.0226292,0.0210875,0.0211076,0.0210651,0.022243,0.0219003,0.0218555,0.0219634,0.0229462,0.0212307,0.020815,0.0218969,0.0223409,0.0212066,0.0214384,0.0217678,0.0219785,0.0236487,0.0228954,0.0224769,0.0221976,0.0226587,0.022005,0.0218589,0.0228428,0.021851,0.0232787,0.0217391,0.0218011,0.0216289,0.0229657,0.0220331,0.0222803,0.0217929,0.022193,0.0221667,0.0217325,0.0226538,0.0230198,0.022607,0.0207727,0.0210406,0.020962,0.0227184,0.0214381,0.0230542,0.0246985,0.0220331,0.0212983,0.022259,0.0211516,0.0218812,0.0209441,0.0217183,0.0231596,0.0226258,0.0226332,0.0210765,0.0232602,0.0226104,0.0203655,0.0225854,0.0225474,0.0206824,0.0225472,0.0215358,0.0222067,0.0212111,0.0221482,0.020635,0.0211789,0.0225411,0.0230832,0.0222798,0.0217424,0.0230259,0.0220492,0.022116,0.0211235,0.0214941,0.0234554,0.0208658,0.0217521,0.0227836,0.0231073,0.0215934,0.022364,0.0220702,0.0221664,0.022016,0.0218832,0.0226949,0.0231763,0.0226904,0.0226386,0.0214613,0.0212273,0.0229598,0.0205954,0.020577,0.0214238,0.0229051,0.0220466
1,1,0.1376635,0.1263968,0.1447634,0.1341566,0.1386309,0.1159994,0.1105103,0.115173,0.1169855,0.0988469,0.1392752,0.1757338,0.1400963,0.1387328,0.1000209,0.1500165,0.1013664,0.1032566,0.1060283,0.100284,0.0981341,0.1115205,0.1232265,0.1271878,0.1161229,0.1191714,0.1157815,0.1595227,0.1160212,0.129728,0.1046941,0.1689677,0.098107,0.1046025,0.1188592,0.1454307,0.0923409,0.1358327,0.1451543,0.1048542,0.1464948,0.095537,0.1014692,0.1318808,0.1224399,0.1479281,0.1674669,0.1643068,0.1704122,0.1651986,0.1219593,0.1447015,0.1207891,0.132004,0.1635599,0.1009255,0.1058497,0.1199133,0.1197662,0.1451021,0.134576,0.1546413,0.1079781,0.145107,0.1291079,0.1252983,0.1187531,0.1039539,0.1111678,0.1473701,0.1095142,0.1315111,0.1163096,0.1492352,0.0767654,0.1243177,0.1187992,0.1186008,0.1075901,0.1156199,0.1220351,0.1173743,0.1292309,0.1778129,0.147426,0.1270527,0.1361088,0.1076428,0.1178786,0.1275167,0.1256948,0.1661307,0.1052434,0.1308073,0.1247833,0.1249266,0.116978,0.1239526,0.0951046,0.1240069,0.1289635,0.1181706,0.105548,0.1220649,0.1260176,0.1132538,0.117506,0.1191662,0.1113929,0.120623,0.0968382,0.1184646,0.1310098,0.1250767,0.1051276,0.1407775,0.1561914,0.1392512,0.162778,0.1180149,0.1196404,0.125569,0.1284385,0.1129983,0.1007765,0.1145694,0.10928,0.1137128,0.1060979,0.1167265,0.1353398,0.1194941,0.1162451,0.1178108,0.1032748,0.1317304,0.1136626,0.1038844,0.1338949,0.1428351,0.121289,0.138301,0.1327203,0.1546837,0.1356502,0.1281199,0.1059594,0.1957817,0.1547712
2,2,0.1381185,0.1283504,0.1652278,0.1375317,0.1907858,0.1533578,0.1183475,0.1318393,0.1487629,0.1328259,0.1608484,0.125182,0.122404,0.1324,0.1042256,0.1275807,0.1212985,0.1201634,0.1267505,0.1238644,0.1261235,0.1104442,0.1390925,0.1297643,0.14383,0.1117997,0.1304773,0.1386202,0.1286689,0.1506757,0.116689,0.1389614,0.1219812,0.124645,0.1333174,0.1248962,0.1187671,0.1079217,0.1323343,0.1265399,0.1192729,0.1017637,0.1327979,0.1310046,0.1179809,0.1657491,0.156513,0.1671629,0.1751734,0.1445966,0.1341998,0.135074,0.1287188,0.1434778,0.1308454,0.106294,0.1589599,0.1176313,0.1135161,0.1095889,0.1872831,0.1593963,0.114976,0.1267049,0.1445272,0.1182449,0.1225997,0.135889,0.1085405,0.1332145,0.1468818,0.1247531,0.1371443,0.1101687,0.1266726,0.1121912,0.1163477,0.1192813,0.1387499,0.1055945,0.1661945,0.1737383,0.1174697,0.1677833,0.1274911,0.1496724,0.1321995,0.1606202,0.1715814,0.1216671,0.1228279,0.1588514,0.1410535,0.1397555,0.1400515,0.1435511,0.1119246,0.1200761,0.1207063,0.1278638,0.1369599,0.1221167,0.1313917,0.1208349,0.1492601,0.1438402,0.1355812,0.1265455,0.1359079,0.1298794,0.0917995,0.1537428,0.1539683,0.1753864,0.1203848,0.1274092,0.2129507,0.1105717,0.1681817,0.1594256,0.143088,0.1972675,0.1421776,0.1108196,0.1432019,0.1236878,0.1009347,0.1345526,0.1413957,0.1222228,0.1369176,0.1276364,0.1399595,0.181062,0.1279168,0.1146276,0.1656482,0.1464762,0.1490335,0.1819021,0.1539088,0.1399515,0.1549903,0.1503344,0.1117568,0.1289569,0.1489374,0.1964753,0.1419686
3,3,0.1611716,0.1391536,0.1499596,0.134893,0.1806997,0.1200805,0.1370067,0.1252545,0.1430801,0.120007,0.1437867,0.1368705,0.1319755,0.1478568,0.1017034,0.1329435,0.107029,0.1269487,0.1308153,0.1356056,0.1400409,0.1405282,0.1381186,0.1128156,0.1380444,0.1238178,0.140244,0.1875049,0.1150032,0.1600159,0.1384149,0.1429615,0.1336587,0.1652068,0.1423494,0.165397,0.1405415,0.1346184,0.1306193,0.1446389,0.1245868,0.147819,0.1473486,0.1583572,0.1432117,0.1417003,0.1684083,0.1173643,0.1807891,0.2225527,0.1821056,0.1006866,0.1084516,0.1465136,0.1412694,0.1267467,0.1567441,0.159108,0.1035097,0.1271419,0.1792024,0.133789,0.1438061,0.158659,0.1682242,0.1484979,0.1321682,0.1565254,0.1237068,0.1502513,0.146694,0.1928666,0.161135,0.1366296,0.1659896,0.1121256,0.129989,0.1369401,0.1471444,0.1319495,0.1384656,0.136917,0.1609465,0.2376199,0.1386913,0.2021121,0.2444981,0.1856232,0.1402347,0.1370658,0.1599448,0.1327593,0.1199925,0.1417322,0.124156,0.1326599,0.1205579,0.1555289,0.1191251,0.1352486,0.1481598,0.1351901,0.1189454,0.1246855,0.1931046,0.1519532,0.1203156,0.147538,0.1553175,0.1643741,0.1557563,0.1373926,0.143451,0.1528914,0.1066938,0.1463348,0.1952094,0.1339363,0.1558355,0.1581986,0.1393501,0.1720143,0.143001,0.1276723,0.1194361,0.1182294,0.1652226,0.1532594,0.1834626,0.1327069,0.1854084,0.1328599,0.1422312,0.1683925,0.1506579,0.1272187,0.1275935,0.1521061,0.12799,0.1923031,0.1156483,0.1345354,0.1225014,0.1614164,0.1308021,0.1249406,0.1981473,0.1636261,0.1403877
4,4,0.109524,0.1503826,0.1514939,0.1303109,0.163879,0.1114947,0.1289826,0.1289813,0.1523207,0.1196672,0.1232729,0.1648111,0.1670438,0.2310784,0.0958756,0.1778423,0.1502773,0.1250225,0.1409526,0.1081629,0.1402058,0.180564,0.1378921,0.1078068,0.2036693,0.1522086,0.1767181,0.1525537,0.1770909,0.1539101,0.1400534,0.1570807,0.12851,0.1482915,0.1548606,0.156316,0.1461776,0.123831,0.139432,0.1421837,0.1477085,0.1536604,0.1525545,0.1692121,0.1277062,0.1961651,0.1834118,0.1396135,0.1909816,0.2235149,0.1385846,0.1001718,0.1414922,0.1832962,0.132631,0.1351251,0.1721741,0.170269,0.124006,0.1159205,0.1446613,0.1363977,0.1415412,0.1460912,0.1677815,0.136515,0.1394273,0.1396037,0.1345374,0.1285301,0.156177,0.1488731,0.1539927,0.1305805,0.1373281,0.1393197,0.1577103,0.1369171,0.1905657,0.1399676,0.1283666,0.1518876,0.1562041,0.1704279,0.1456854,0.2232967,0.1508888,0.1643462,0.1528056,0.1282475,0.1513454,0.1537097,0.1155948,0.1604211,0.1436491,0.1523173,0.119977,0.1528898,0.1638943,0.1215912,0.1258684,0.1215613,0.107403,0.1471166,0.1844375,0.1653379,0.1464087,0.1600754,0.153978,0.1535285,0.1158079,0.1565933,0.1552794,0.134692,0.1271292,0.1478884,0.1366692,0.1280682,0.1394406,0.1859381,0.1729946,0.2286061,0.1494816,0.1397937,0.1465435,0.144345,0.1530284,0.1310976,0.2064682,0.1030226,0.1476396,0.1225799,0.1783402,0.1489638,0.1488951,0.1440872,0.1337435,0.1744044,0.1421737,0.1834785,0.1409326,0.1441719,0.1285262,0.1501263,0.1450413,0.1218675,0.1461369,0.209786,0.1421981
5,5,0.1331563,0.1390907,0.1400535,0.1396586,0.1808222,0.1052255,0.1272917,0.1178495,0.1745786,0.122138,0.1432588,0.1915224,0.1724741,0.28749,0.1189748,0.1741179,0.1689793,0.1448793,0.1565114,0.1350075,0.1171219,0.1459219,0.1716419,0.1212004,0.1503223,0.130771,0.1682116,0.1532838,0.1288877,0.1608797,0.1216774,0.1770298,0.1672931,0.1432053,0.1618044,0.1765526,0.1546801,0.1490952,0.1280653,0.1409054,0.1352437,0.1441762,0.1748912,0.1728527,0.1370866,0.158979,0.1723495,0.1574768,0.2091286,0.2310192,0.1354557,0.150044,0.132888,0.1673394,0.1592186,0.1588225,0.1610572,0.2121308,0.1233552,0.133848,0.1538268,0.1119325,0.1526292,0.1480873,0.1567707,0.1368472,0.1411093,0.1475656,0.1132957,0.1310734,0.1446193,0.1488607,0.1548756,0.1455139,0.1326271,0.1423151,0.1975948,0.1894233,0.2448157,0.1287624,0.1491106,0.1585626,0.1986166,0.1590344,0.1119808,0.1888853,0.1586695,0.1670381,0.1421657,0.1430456,0.1410031,0.1416789,0.1498244,0.1380515,0.1503769,0.1937837,0.1023334,0.1379057,0.184367,0.1588995,0.1145894,0.1437731,0.1509064,0.1243351,0.1975022,0.1100783,0.1303793,0.1435346,0.1618646,0.1203564,0.1193962,0.1528944,0.147025,0.1461724,0.1237999,0.1475642,0.1165609,0.1566149,0.1984613,0.1558276,0.1603848,0.2674648,0.1214497,0.1602154,0.1367366,0.1397816,0.1531873,0.1398118,0.1727621,0.1217619,0.1449877,0.1367118,0.1836129,0.1489161,0.1445842,0.1401789,0.1944557,0.1762925,0.1818227,0.176327,0.1486706,0.1391411,0.1418864,0.1476212,0.2026538,0.1092881,0.1777479,0.1494484,0.1532551
6,6,0.1773529,0.1518677,0.1656289,0.1608045,0.1814921,0.1392891,0.1482813,0.1273451,0.1568867,0.1395785,0.1272671,0.1377885,0.170379,0.2550925,0.1152843,0.1971864,0.1763629,0.136682,0.1500396,0.1379585,0.1374361,0.1732182,0.1364451,0.1496404,0.1207092,0.1245055,0.1527824,0.1806438,0.1715145,0.2061228,0.1103308,0.1831458,0.1507512,0.1474682,0.1364179,0.1751777,0.1033746,0.1510661,0.1259669,0.1533553,0.1376417,0.1607976,0.1722075,0.1795873,0.1577029,0.1912094,0.1830318,0.204509,0.2297669,0.2314284,0.1464248,0.1350583,0.1320395,0.1860361,0.2714323,0.1711085,0.1694799,0.1852796,0.1484052,0.1222114,0.1332258,0.1652389,0.1720554,0.1368721,0.1752906,0.12553,0.1570357,0.1598341,0.1127574,0.134971,0.1346354,0.1408275,0.1388853,0.1243377,0.1545142,0.164039,0.1813084,0.1737153,0.2263606,0.1322241,0.1571513,0.1569737,0.1597416,0.1539716,0.1115919,0.2079091,0.1483747,0.1780966,0.1717756,0.1269474,0.1705067,0.170298,0.1327477,0.1491022,0.1543469,0.1338555,0.1351986,0.1538781,0.1790244,0.1319268,0.1301737,0.1045802,0.13363,0.1330241,0.1667479,0.128682,0.1094834,0.1489259,0.1598808,0.133384,0.1261391,0.142877,0.166202,0.1531316,0.1294025,0.1571953,0.1312594,0.1449523,0.225118,0.158893,0.1995247,0.189107,0.1110138,0.1399723,0.184972,0.1113064,0.1966973,0.1397145,0.162744,0.1023087,0.1465664,0.1696202,0.1523812,0.141895,0.1326665,0.1446505,0.1686835,0.1629024,0.1292989,0.1759102,0.1387353,0.1430063,0.1825601,0.174765,0.1664467,0.1208376,0.1750018,0.1765626,0.1726243
7,7,0.1196184,0.1285958,0.1736938,0.1672902,0.173572,0.1255494,0.1666057,0.1084672,0.1348133,0.1295626,0.1267788,0.1702123,0.1584889,0.2153688,0.1194464,0.1745063,0.1370924,0.1200438,0.157429,0.1533742,0.1229623,0.1804176,0.1726355,0.1033009,0.1529081,0.1191629,0.1652341,0.1436744,0.1643276,0.2439764,0.1254911,0.1916143,0.134962,0.1617209,0.1524475,0.1509973,0.1224509,0.1586399,0.1441011,0.1592229,0.1305265,0.1346094,0.1479841,0.1775266,0.1241988,0.1570213,0.1713042,0.2227527,0.2151867,0.2124661,0.1423356,0.1323192,0.1404838,0.1759427,0.152256,0.1571841,0.1537647,0.1728252,0.1851653,0.1452834,0.1501194,0.1270817,0.1549068,0.20045,0.1822688,0.1338178,0.1781444,0.1373567,0.164072,0.1454026,0.1559531,0.1096657,0.1603938,0.1265556,0.1481974,0.1645892,0.1907641,0.1339167,0.1539565,0.1745146,0.1705225,0.1619051,0.1423819,0.1608936,0.1183753,0.1886805,0.1462711,0.209789,0.235858,0.1490275,0.1497024,0.1622783,0.1526499,0.1205239,0.1380066,0.1451894,0.1229552,0.1618401,0.1960744,0.1213578,0.1287449,0.1367383,0.1397801,0.1435268,0.1671188,0.1724753,0.1268929,0.1700883,0.1679702,0.1250752,0.1002586,0.1429645,0.1859537,0.1291208,0.1336029,0.1422461,0.1536725,0.1704179,0.1644548,0.1571199,0.184673,0.2900525,0.1492732,0.1684126,0.1666767,0.1478139,0.161077,0.1301691,0.1706688,0.1062521,0.1534951,0.2074517,0.1694401,0.1737097,0.1487837,0.1590047,0.2108859,0.1599411,0.1601857,0.1671639,0.1212407,0.1626346,0.1695191,0.1839366,0.1739316,0.1238237,0.2067932,0.1783644,0.1248568
8,8,0.1336557,0.1575414,0.180195,0.1623201,0.178103,0.1189356,0.1814562,0.1245721,0.144245,0.1350633,0.1207943,0.2139018,0.1508142,0.1800828,0.1146126,0.1782848,0.1894903,0.1174617,0.1691919,0.1207244,0.1714819,0.1959265,0.1792646,0.1411943,0.148414,0.1403123,0.1694079,0.169409,0.1942882,0.3585497,0.1119063,0.1864387,0.1365583,0.1714247,0.1428836,0.1412916,0.1402529,0.1493626,0.15315,0.1625996,0.1488731,0.1467822,0.1325918,0.1741744,0.1646266,0.1786695,0.1597885,0.2030122,0.2117537,0.177423,0.1259576,0.1392889,0.1341842,0.1802481,0.1551766,0.1641477,0.1467899,0.1370131,0.2026962,0.1599212,0.1683208,0.1769805,0.150603,0.1415168,0.1964084,0.1302256,0.1190016,0.1434215,0.1247333,0.1393673,0.2074472,0.1753124,0.1732428,0.1584276,0.1455537,0.1408262,0.1766577,0.2007569,0.2127089,0.2259174,0.1699192,0.1696358,0.1541196,0.1679378,0.1242454,0.1864029,0.1603033,0.2005877,0.1997159,0.1383585,0.190387,0.133789,0.1115856,0.140434,0.1468811,0.1392457,0.1167564,0.1678698,0.2174859,0.1292382,0.1528961,0.1306996,0.1643913,0.1580933,0.18681,0.180088,0.1383609,0.1547167,0.1871964,0.1444564,0.1313112,0.1634948,0.1983273,0.1163212,0.1306851,0.16064,0.1665226,0.193123,0.1456904,0.1666504,0.198984,0.3708255,0.1571124,0.1425787,0.1695612,0.1342194,0.1595057,0.1878267,0.2201367,0.1174178,0.1242062,0.1505532,0.1728373,0.1783138,0.1289241,0.1189511,0.1747845,0.1691612,0.1140319,0.2022616,0.1481947,0.1471661,0.160714,0.1652853,0.1711261,0.1042587,0.2076663,0.1952115,0.1414467
9,9,0.1468015,0.162092,0.2002794,0.1183159,0.1735121,0.1076176,0.1803705,0.1115263,0.1632417,0.1123279,0.173026,0.1812468,0.2462691,0.2033341,0.1487363,0.1471421,0.1586921,0.1164284,0.1508944,0.1046125,0.1496132,0.1748761,0.1857673,0.1155035,0.1407667,0.1357471,0.1515316,0.1439511,0.1458906,0.3529977,0.1347615,0.1788747,0.1581394,0.1495242,0.153376,0.1790739,0.1136157,0.1684654,0.1448874,0.1530624,0.1421736,0.1373547,0.1290371,0.1796022,0.1630416,0.1316855,0.1855696,0.1617884,0.2133901,0.2157351,0.1171773,0.1115291,0.1508161,0.1899974,0.1573499,0.1783622,0.1532847,0.1377061,0.1953159,0.1497371,0.1636929,0.144466,0.1356654,0.1455578,0.1875633,0.1981889,0.1644277,0.150767,0.1419204,0.1735381,0.186462,0.1070974,0.160361,0.1511691,0.133867,0.1550356,0.1856615,0.1741302,0.1602047,0.1799374,0.1710134,0.1289887,0.1688405,0.1542417,0.16493,0.221013,0.1456183,0.1944915,0.2235027,0.1818145,0.1907883,0.1726487,0.1130763,0.141198,0.1708789,0.1329285,0.1131743,0.1682431,0.1982622,0.1747154,0.1953714,0.157623,0.1524685,0.1878729,0.1940031,0.1746402,0.1217386,0.2001599,0.1660119,0.150882,0.1167209,0.1679287,0.2145986,0.1466295,0.1295167,0.174555,0.1580826,0.2171719,0.1371776,0.1538843,0.1994241,0.3670755,0.1746826,0.1950438,0.1584049,0.1320652,0.1274048,0.1725638,0.1729266,0.1683162,0.1402296,0.1722341,0.16565,0.1795959,0.1534542,0.1173644,0.1968892,0.1897203,0.134666,0.2513646,0.1380508,0.1462278,0.1908125,0.171204,0.1463795,0.1658105,0.2253942,0.1537719,0.1509599
10,10,0.1395609,0.1384199,0.1642318,0.1307693,0.1945599,0.1147348,0.1567793,0.1350489,0.1377935,0.1097522,0.148374,0.1495337,0.1570237,0.1815035,0.1378358,0.1630885,0.1557933,0.1222462,0.1699066,0.1129711,0.1462226,0.1959701,0.1451456,0.1422836,0.1204897,0.1717683,0.1646603,0.1265637,0.145841,0.3539717,0.1153646,0.197628,0.138978,0.1571958,0.1779184,0.1727419,0.1409926,0.1730591,0.1645026,0.1523578,0.1350424,0.155523,0.1307831,0.178134,0.1722834,0.1489744,0.2039997,0.1637449,0.218948,0.2119665,0.1340273,0.1295058,0.1596255,0.1264697,0.1523063,0.1464716,0.1563627,0.1515383,0.1974045,0.1621546,0.1344229,0.1515678,0.1361024,0.1517656,0.1975923,0.1196313,0.1344233,0.1524595,0.133376,0.164619,0.2213151,0.1526411,0.1860397,0.1540468,0.1646222,0.1461951,0.2147352,0.1624917,0.1628053,0.1782876,0.1584466,0.1791836,0.137011,0.1358396,0.1945912,0.2204006,0.1577381,0.189215,0.1494205,0.1664996,0.1603955,0.174716,0.1168993,0.1190536,0.1795776,0.1298574,0.1047163,0.1778777,0.1830222,0.1793876,0.1742838,0.1617637,0.1655475,0.2034461,0.2049553,0.178149,0.1158652,0.191373,0.1769505,0.1481961,0.1285471,0.1789774,0.1892718,0.1761652,0.1339387,0.1509669,0.1478527,0.2096925,0.1418437,0.171396,0.1754297,0.2911329,0.1604686,0.2313766,0.2081694,0.1157596,0.1331058,0.1829141,0.1812446,0.1703929,0.1501528,0.2045012,0.1652694,0.1626404,0.1620016,0.1176709,0.1803317,0.2346081,0.1632819,0.2207369,0.1386705,0.1991,0.1615774,0.1710352,0.1582512,0.1443315,0.2078986,0.1616032,0.1823138
11,11,0.1462787,0.167725,0.142335,0.1574483,0.1674955,0.1041916,0.1797771,0.1393552,0.1534126,0.117525,0.1731399,0.1223187,0.1600446,0.2000662,0.149141,0.1498698,0.1622026,0.1191922,0.1891937,0.0992367,0.1791795,0.2034763,0.1702822,0.1244701,0.1438892,0.1763198,0.1851934,0.1390003,0.1633694,0.3535181,0.1333897,0.2133348,0.1116877,0.1715145,0.1424108,0.1413018,0.1505168,0.156174,0.1468066,0.1676427,0.1390162,0.1508778,0.1432623,0.1922508,0.1659143,0.1502704,0.200904,0.1452056,0.2343556,0.1832407,0.114398,0.123167,0.1405294,0.159425,0.1250156,0.1425023,0.159221,0.1230398,0.2016165,0.1573457,0.1481557,0.159626,0.1482763,0.1679233,0.1766859,0.1083872,0.1446541,0.178475,0.1390566,0.1395805,0.2167371,0.1124203,0.1676477,0.1655348,0.1649164,0.1563175,0.2172636,0.1346573,0.1971499,0.169055,0.174625,0.1632375,0.1354605,0.1717324,0.1814803,0.2493768,0.166083,0.1821276,0.1824553,0.1422214,0.1806075,0.1582194,0.1451859,0.160144,0.1366719,0.1262049,0.1210515,0.1476009,0.1640815,0.1666909,0.1872904,0.1831002,0.1530389,0.2009191,0.2038723,0.1785671,0.1341947,0.1903294,0.2106034,0.1530999,0.1027169,0.1472971,0.1599599,0.1765041,0.1188114,0.1774601,0.1521322,0.1660343,0.1507209,0.1464642,0.191378,0.3105776,0.1857032,0.281118,0.2047034,0.1488352,0.1119956,0.1766719,0.1806136,0.1647513,0.1087344,0.2179851,0.1733486,0.1716412,0.14471,0.1851561,0.1910362,0.1958617,0.1729092,0.1919338,0.1616002,0.1630362,0.1662355,0.1773712,0.1947914,0.1356359,0.1952008,0.1559398,0.1638871
12,12,0.1294958,0.1055915,0.1592332,0.1459797,0.1977046,0.1136082,0.1931191,0.1317115,0.1765695,0.1368935,0.1796854,0.1604957,0.1428549,0.2126093,0.1483153,0.141667,0.1578081,0.1213344,0.1949795,0.103746,0.1762268,0.1953692,0.2068482,0.115779,0.1360525,0.1905872,0.1490373,0.1538854,0.1331758,0.3689549,0.1221915,0.181051,0.1334787,0.1807101,0.1298523,0.1712788,0.1497331,0.2074019,0.1668321,0.2225474,0.1121839,0.1355652,0.1332355,0.1821605,0.1422967,0.1896424,0.204967,0.1273005,0.2480728,0.2049402,0.1354572,0.1387473,0.1344525,0.1335308,0.1500372,0.1801066,0.1602358,0.1315678,0.2296571,0.1499013,0.1700589,0.1295051,0.1480927,0.1649057,0.1783692,0.1595503,0.1361676,0.1799964,0.1409438,0.1588495,0.1936458,0.1215729,0.1610872,0.1536779,0.1437618,0.1503773,0.2121354,0.1714582,0.1928821,0.1705719,0.2118823,0.1579047,0.1434355,0.1696288,0.1675254,0.2262565,0.1838781,0.1867515,0.1421542,0.1434228,0.1685486,0.1664868,0.1322751,0.1556545,0.1354508,0.1262643,0.125536,0.1918003,0.1955362,0.1596741,0.168971,0.1699045,0.1760771,0.1772061,0.2172018,0.1595956,0.1222439,0.1926836,0.1708178,0.1605647,0.12139,0.1852983,0.1931499,0.1286203,0.1589344,0.2019278,0.1462326,0.1838686,0.1567499,0.1566299,0.1886665,0.3006576,0.1979746,0.2295188,0.212821,0.1323574,0.1327751,0.2153026,0.2158094,0.1701748,0.106639,0.2163027,0.1913468,0.1734427,0.1218335,0.1187405,0.1497698,0.2212013,0.1554877,0.1931067,0.1514258,0.226347,0.1251087,0.1469163,0.2233763,0.1420446,0.1858213,0.1904291,0.1506586
13,13,0.1238146,0.1330987,0.1557968,0.1424436,0.1777054,0.1158572,0.2306287,0.0996793,0.1491828,0.1397218,0.1919216,0.1332897,0.179484,0.2048506,0.143953,0.1605364,0.1800639,0.1215954,0.1676228,0.1362144,0.1719058,0.1915934,0.1871373,0.139603,0.1552367,0.1688038,0.1608229,0.1567364,0.1482019,0.3508727,0.1733364,0.1967083,0.123024,0.1630443,0.1714448,0.1682416,0.1365834,0.2044073,0.1595097,0.2087083,0.1175331,0.1710381,0.1277897,0.1692059,0.1665098,0.193405,0.2023678,0.2326808,0.2220648,0.1956695,0.1548376,0.1489316,0.1471367,0.1818429,0.1343089,0.1562252,0.1590698,0.1344939,0.218899,0.12983,0.1568481,0.1360815,0.1414252,0.1883235,0.2166066,0.1656321,0.1591609,0.173751,0.1816559,0.165834,0.2134817,0.132697,0.1683892,0.1486143,0.1205378,0.1793222,0.1993103,0.1874535,0.1760023,0.1616303,0.2074045,0.1731699,0.161136,0.1662517,0.1661386,0.2364289,0.1781679,0.1760851,0.1337822,0.142314,0.1760347,0.1841228,0.1635295,0.1575247,0.1484775,0.1042095,0.1244041,0.1987361,0.1745502,0.1530403,0.1752632,0.1447888,0.1608687,0.1521226,0.2291027,0.1781404,0.1233787,0.1816677,0.1745997,0.1361696,0.1120757,0.1622661,0.1750418,0.1553998,0.1582465,0.1856575,0.1429346,0.2240793,0.1206546,0.1572232,0.1862952,0.3016372,0.1886341,0.1769929,0.2185896,0.1438214,0.1124827,0.1802768,0.206775,0.1600787,0.1514272,0.2269501,0.2025163,0.1790585,0.1567805,0.1248563,0.1440648,0.190923,0.1556089,0.21719,0.1457325,0.2678639,0.1393666,0.1729585,0.1838272,0.1644024,0.1706012,0.1514298,0.1074311
14,14,0.1202549,0.1124352,0.1622572,0.1338998,0.2376694,0.1437327,0.2442379,0.146146,0.1460027,0.1530343,0.1868235,0.177963,0.1820275,0.1852493,0.1609597,0.1604283,0.1742709,0.1227106,0.197311,0.1454388,0.1618978,0.2244175,0.1783492,0.1538015,0.1435065,0.1388818,0.1697812,0.1352624,0.1142223,0.2477472,0.15474,0.1885748,0.110886,0.1834615,0.1650409,0.1631012,0.1589635,0.1679638,0.1495174,0.2531923,0.1385635,0.1745643,0.1481394,0.1675209,0.1936905,0.1931206,0.2015628,0.1731475,0.2212472,0.1910054,0.1271268,0.1501414,0.1541295,0.1876599,0.1481561,0.1570444,0.1517923,0.1440466,0.1853376,0.1806502,0.1390643,0.1570855,0.1363147,0.1977688,0.1937423,0.1152724,0.1459786,0.1640878,0.1533071,0.1862106,0.1837194,0.1608471,0.165585,0.2065219,0.1242171,0.1459988,0.1968942,0.1829544,0.1356827,0.1888246,0.2067433,0.1835272,0.1679529,0.1776114,0.1631615,0.2205764,0.1706559,0.1802142,0.1518858,0.1308315,0.2062482,0.1755748,0.1463129,0.1673128,0.1388777,0.1609109,0.1345117,0.2188014,0.1608359,0.1569722,0.1824392,0.1680934,0.1482178,0.1647332,0.2027584,0.2169175,0.1161803,0.16991,0.2095406,0.1204761,0.1204172,0.1535975,0.1717722,0.1521066,0.1424661,0.1506006,0.1316429,0.2109868,0.1136837,0.1542667,0.2064399,0.29083,0.2424734,0.1897538,0.1990142,0.143146,0.0994753,0.1689917,0.2138145,0.1423278,0.1529285,0.2257022,0.1646847,0.1925846,0.133338,0.1309581,0.149755,0.2088757,0.131518,0.2005227,0.1312407,0.2536675,0.1672923,0.1724665,0.2220573,0.1362842,0.1666761,0.1540647,0.1203918
15,15,0.1501547,0.1461471,0.1605603,0.1271261,0.2470879,0.1472186,0.2039931,0.1487539,0.1611956,0.1604457,0.2372611,0.1738061,0.1690467,0.1861095,0.1536043,0.1853361,0.1530863,0.1209792,0.2053097,0.1420598,0.1529126,0.2280661,0.1814828,0.1336812,0.1455664,0.1964274,0.1611109,0.1056005,0.1462927,0.2719295,0.178881,0.1803328,0.1347153,0.1864316,0.1773225,0.1522987,0.1369241,0.1678421,0.1615537,0.2607253,0.1270485,0.1459118,0.1560841,0.1779289,0.189343,0.1614843,0.1941014,0.1608878,0.2234463,0.198165,0.1139994,0.1233346,0.1663118,0.1851976,0.1526462,0.1700101,0.146106,0.159342,0.1624905,0.1828273,0.2252556,0.1578357,0.1566029,0.1841097,0.1766979,0.1497834,0.1559268,0.1649791,0.1542582,0.1989238,0.2100411,0.1860607,0.1678434,0.1655259,0.1184728,0.1696334,0.2000655,0.186834,0.2593055,0.1790708,0.1924832,0.187346,0.1697795,0.1546329,0.204067,0.2260472,0.1743602,0.1632707,0.1747864,0.111761,0.1987996,0.1752512,0.1413473,0.1603038,0.1556088,0.1666973,0.1234532,0.2045726,0.1815284,0.156064,0.1971909,0.153734,0.1430023,0.1575337,0.189809,0.193152,0.1186016,0.1802784,0.1994232,0.1383654,0.1051177,0.1536583,0.1843762,0.120338,0.1469985,0.1655569,0.1519415,0.1949172,0.1311636,0.1452966,0.1951475,0.2839592,0.1774015,0.1886041,0.2554564,0.1307671,0.1041878,0.1610735,0.2325706,0.1287388,0.1584594,0.2019111,0.1665206,0.1912937,0.1273014,0.1288634,0.1505426,0.2034963,0.1373985,0.2359857,0.1597377,0.2542715,0.1766765,0.1825029,0.2052543,0.1345379,0.1787681,0.1735743,0.1112138
16,16,0.1470747,0.1580084,0.1796325,0.133883,0.2334082,0.1420325,0.1742887,0.1300741,0.1567994,0.1603266,0.2198474,0.1718909,0.169782,0.1977586,0.141853,0.184304,0.1646284,0.1379334,0.2224104,0.1409798,0.1843315,0.2298702,0.200974,0.1227322,0.1293388,0.1459009,0.1821851,0.1259473,0.1258549,0.2927359,0.1709772,0.186254,0.1385918,0.1885559,0.167171,0.1541071,0.1569716,0.1796782,0.1659274,0.2630124,0.1509493,0.1363414,0.1382591,0.1738567,0.1742375,0.1661102,0.199474,0.1397342,0.2377012,0.1955883,0.1465667,0.1313739,0.1564065,0.2133238,0.1535105,0.1791862,0.1556599,0.1502838,0.2107908,0.2055621,0.233311,0.1463954,0.1127202,0.1808284,0.1649143,0.115497,0.1451387,0.1755426,0.167542,0.1789414,0.1551434,0.134315,0.1760041,0.1285164,0.1490325,0.18542,0.2044156,0.1606466,0.2641615,0.1476864,0.2044209,0.1662314,0.1527927,0.1750041,0.1793513,0.2296072,0.1919896,0.1868406,0.164889,0.1360096,0.237663,0.189256,0.1338613,0.1492188,0.153671,0.1711306,0.1259612,0.1719597,0.156005,0.1683741,0.184928,0.1606642,0.1649899,0.1738255,0.2164281,0.1875724,0.1198292,0.2231053,0.1997606,0.1407648,0.1599744,0.1789255,0.1934212,0.1462321,0.1513171,0.1614354,0.1501376,0.2056717,0.1295902,0.1687632,0.2103349,0.2991439,0.2265242,0.1649089,0.2330924,0.1513382,0.1165712,0.1868377,0.1900783,0.1074561,0.1357869,0.1989738,0.1446989,0.1657331,0.1323742,0.1127963,0.1710775,0.1868493,0.1915863,0.3048171,0.1822177,0.2612026,0.1093974,0.1629386,0.2065349,0.1321284,0.1766613,0.1818075,0.137389
17,17,0.1352504,0.1185838,0.1856346,0.1547166,0.1788042,0.1331337,0.2115112,0.1362344,0.1939749,0.1458625,0.21989,0.1328001,0.1349082,0.2036425,0.1326086,0.1911725,0.1532427,0.1205616,0.2116695,0.1581953,0.1719522,0.2346847,0.1919594,0.1289343,0.1381735,0.1746563,0.1758796,0.1155464,0.1520516,0.341984,0.1849496,0.1920351,0.1569775,0.2199426,0.1598921,0.1599642,0.161275,0.1495924,0.1588548,0.2181133,0.1206566,0.1455626,0.1240125,0.1840872,0.1577816,0.1665645,0.2273534,0.157141,0.2310962,0.22837,0.1770486,0.1235515,0.146401,0.210034,0.1591816,0.170324,0.1670257,0.1434705,0.2107698,0.2630836,0.1419769,0.1703777,0.1642619,0.1620374,0.1634898,0.1530081,0.1341252,0.1689356,0.1555198,0.1789712,0.1600614,0.1238691,0.1753516,0.1341345,0.1949057,0.1970477,0.2200254,0.1608143,0.1757704,0.1502702,0.1697983,0.1840767,0.1337931,0.1834129,0.2328918,0.2280622,0.1818042,0.1723236,0.1853997,0.1158912,0.2168529,0.2362811,0.1633035,0.1403692,0.1758678,0.1529362,0.1485019,0.1532053,0.1766654,0.1613596,0.1772588,0.1599021,0.1483895,0.1556283,0.18605,0.1700373,0.1391994,0.2034598,0.2121806,0.1289243,0.1784374,0.1631336,0.177095,0.1220925,0.1588217,0.1560707,0.1697758,0.1785908,0.1424844,0.1560023,0.201815,0.3062489,0.2272817,0.1587764,0.2085727,0.1398828,0.1329532,0.2007112,0.1905647,0.098436,0.1039187,0.178131,0.1300194,0.157689,0.1174296,0.145546,0.1783553,0.1813507,0.157071,0.2912888,0.1237163,0.1847885,0.1409104,0.1402837,0.1974446,0.1380061,0.1854298,0.180876,0.1497708
18,18,0.1645277,0.103513,0.1855613,0.1413335,0.2034444,0.1318199,0.2679663,0.1210202,0.2047109,0.1443723,0.1917759,0.1310372,0.1347051,0.2106154,0.1492901,0.1898087,0.1655986,0.1245117,0.2256541,0.1385442,0.1525247,0.2334708,0.1787494,0.1277923,0.1988408,0.2054886,0.1729019,0.1696679,0.1572532,0.3238542,0.1574271,0.193444,0.1327347,0.1803547,0.1563699,0.1709442,0.16538,0.1743446,0.1867814,0.2139331,0.1645207,0.1551238,0.1631361,0.1715621,0.1834314,0.1524555,0.2143887,0.1658389,0.2395581,0.1873347,0.1797156,0.1113589,0.1667599,0.2016817,0.1540017,0.1591768,0.1892115,0.1624006,0.1995228,0.244001,0.1926366,0.200383,0.1527146,0.1966214,0.1786808,0.1363821,0.1413273,0.1675043,0.1452566,0.1852029,0.1717169,0.1426738,0.1584107,0.1367916,0.2083298,0.1806403,0.1982673,0.1649178,0.1961846,0.1678916,0.1812077,0.2298568,0.169162,0.1842892,0.210648,0.2320759,0.2024422,0.1585762,0.2093602,0.1373878,0.1720977,0.181149,0.1975228,0.1323377,0.1686409,0.1635952,0.1426512,0.1542645,0.1775221,0.1611813,0.1937334,0.1519695,0.1473151,0.1622084,0.1986401,0.2022915,0.1385664,0.1993224,0.2169009,0.1361989,0.1249794,0.1493879,0.1848645,0.149851,0.1688799,0.1452364,0.1540321,0.2019427,0.146031,0.1800272,0.2100557,0.3158021,0.2474937,0.1741055,0.2167975,0.1942043,0.1427751,0.1776063,0.1714751,0.1124242,0.1455914,0.1789209,0.1663511,0.1433037,0.2425916,0.147281,0.1671709,0.1995864,0.1626421,0.2573689,0.1336548,0.2011245,0.1363443,0.1567128,0.1651268,0.1473559,0.1922184,0.1753114,0.1523673
19,19,0.171349,0.1196843,0.1731494,0.1623908,0.2055122,0.1399921,0.2635455,0.1209564,0.1939568,0.1646663,0.1821452,0.1430578,0.1506344,0.2121,0.1374859,0.1818059,0.1482441,0.1250246,0.2387391,0.1548994,0.1855815,0.2604887,0.195771,0.1463604,0.1722702,0.1811934,0.1641755,0.1775026,0.1547539,0.2917985,0.1594304,0.1991064,0.1168946,0.1863907,0.1614904,0.1326701,0.1658802,0.1721286,0.1528601,0.2443005,0.1570082,0.1435722,0.1498255,0.1812862,0.1540592,0.1606946,0.2713497,0.1773666,0.2452441,0.2322463,0.1993104,0.127943,0.1872129,0.2203745,0.1820704,0.1724043,0.1663361,0.1566429,0.2103556,0.2312953,0.1784834,0.2064984,0.1375359,0.1975795,0.174711,0.1452292,0.1372343,0.1625384,0.159342,0.1815146,0.1522863,0.1543715,0.1649427,0.1377034,0.2192428,0.1993787,0.2225568,0.1899508,0.1940943,0.1297472,0.196711,0.1691878,0.1404533,0.1899892,0.1890675,0.2330402,0.1879427,0.175218,0.2123931,0.1318003,0.1873874,0.2145219,0.1850535,0.1351936,0.1680236,0.1676778,0.1328518,0.1600308,0.1838152,0.1472505,0.2015442,0.1672287,0.1565672,0.1985755,0.179135,0.176067,0.1180296,0.1816394,0.2561779,0.135794,0.1363226,0.1737323,0.1831431,0.1063349,0.1813708,0.164385,0.1295794,0.2107022,0.1324004,0.16928,0.1919683,0.3129177,0.258989,0.1855802,0.2346437,0.1471466,0.1504068,0.1658227,0.1775216,0.1115137,0.1242912,0.2069454,0.1704773,0.1512495,0.147017,0.1434752,0.1647321,0.2084222,0.1500041,0.214477,0.1417008,0.2521649,0.1386316,0.1551752,0.1612865,0.1727696,0.1959603,0.1748884,0.1536527
20,20,0.161282,0.1323073,0.1900458,0.1703606,0.258464,0.1447019,0.2370783,0.1111661,0.1991422,0.1671721,0.1932003,0.2199509,0.1560878,0.2195897,0.1348423,0.1790174,0.1409582,0.1153081,0.2809478,0.1455342,0.1655307,0.2235536,0.1798741,0.1414547,0.1527891,0.2392446,0.1556567,0.1435969,0.1835031,0.2977201,0.1698028,0.1909371,0.1122467,0.1964221,0.1807273,0.1772749,0.1556576,0.1678865,0.1595442,0.2748209,0.1467804,0.1259167,0.1356837,0.1826981,0.1567754,0.1772482,0.2455782,0.16393,0.2664679,0.2119923,0.2526372,0.1481576,0.1455869,0.1728117,0.170131,0.1523875,0.1891357,0.1445731,0.1919743,0.2417973,0.1528542,0.1959422,0.1261734,0.1981819,0.183657,0.1689811,0.1386698,0.2113305,0.1586252,0.1973461,0.1906042,0.1230785,0.167987,0.1307525,0.2209787,0.1813274,0.1768042,0.1851607,0.1962997,0.1481473,0.1657924,0.2042196,0.1508987,0.193326,0.218232,0.2505994,0.1728464,0.1690707,0.1840935,0.1214955,0.1529953,0.2156324,0.225862,0.1220818,0.1448437,0.1712194,0.1522062,0.1303854,0.1929095,0.1667271,0.2042565,0.1461784,0.1698066,0.1978152,0.1798103,0.1780925,0.1278439,0.1930975,0.2583933,0.1370333,0.1358308,0.1566456,0.1868261,0.1686994,0.1741686,0.1600363,0.1388068,0.2004692,0.1732307,0.1784616,0.2133846,0.3050649,0.2916129,0.1955101,0.2178041,0.1585224,0.1404584,0.1776357,0.1843963,0.132891,0.1449164,0.1781795,0.1650326,0.1343932,0.1624109,0.15007,0.1729461,0.2219923,0.1482619,0.2325673,0.1181172,0.1899262,0.1483056,0.154709,0.1771904,0.1730299,0.2178627,0.2107333,0.1068301
21,21,0.1574965,0.1534145,0.1719242,0.1784542,0.2243073,0.2152147,0.2171023,0.1358374,0.1951779,0.1697303,0.1982109,0.2225029,0.1323395,0.2033125,0.1866764,0.1357129,0.1096916,0.1949968,0.2541833,0.1745089,0.1834271,0.1857482,0.164914,0.1191064,0.1688761,0.2227767,0.1835794,0.1359803,0.1614132,0.3617969,0.1391877,0.1839804,0.1412562,0.183391,0.1540964,0.1574802,0.1525493,0.1812909,0.1788345,0.3027906,0.1475541,0.1254868,0.1647172,0.1706173,0.1461093,0.1790829,0.2346066,0.1669708,0.2467626,0.2153982,0.2650557,0.1286807,0.1525461,0.2047152,0.1576615,0.1972929,0.1903749,0.165662,0.2479067,0.2557975,0.1828036,0.1705517,0.1372467,0.1815813,0.17202,0.1516586,0.1533146,0.1529272,0.1640225,0.1667935,0.1700151,0.1374001,0.1640903,0.1562076,0.2287408,0.1678779,0.2050597,0.1740264,0.1961042,0.1341364,0.1693141,0.1776827,0.1499247,0.1878279,0.2450667,0.2339171,0.1704682,0.1608118,0.1603248,0.1378154,0.154545,0.2106791,0.1760367,0.1439037,0.1646682,0.1702033,0.1462654,0.2138086,0.234368,0.1724414,0.2425966,0.1798522,0.1473533,0.2298282,0.1916064,0.1577755,0.112126,0.1962068,0.2536731,0.1650376,0.1913351,0.162515,0.1719402,0.1207245,0.1471359,0.1790423,0.1405578,0.2101396,0.1765002,0.181385,0.2014369,0.310127,0.2569228,0.1925618,0.203128,0.1590015,0.1482561,0.1790255,0.1741838,0.1218187,0.1441633,0.1949494,0.2025911,0.1732265,0.1641364,0.1041098,0.2107397,0.1992113,0.1959053,0.2158993,0.1300408,0.2234519,0.1430778,0.1703082,0.1352632,0.156405,0.2027951,0.1757494,0.1191244
22,22,0.1793785,0.1569682,0.1760897,0.1867049,0.2209262,0.1572187,0.1586595,0.1352524,0.2018132,0.1846782,0.1737276,0.1829691,0.1431061,0.2633197,0.1434915,0.159899,0.1365504,0.1881705,0.2077794,0.1587714,0.1786783,0.2400072,0.1930113,0.1119542,0.173394,0.226531,0.1823484,0.1460526,0.1692588,0.2967992,0.1547991,0.198754,0.1245696,0.1824475,0.1843369,0.1487897,0.1553831,0.1939158,0.1888622,0.2254896,0.1522187,0.1061764,0.1557322,0.1582735,0.161132,0.1702448,0.1959954,0.1631217,0.2230213,0.2083024,0.2494828,0.1473427,0.1569062,0.2088558,0.1505514,0.1732001,0.1886547,0.1514289,0.1999229,0.2372985,0.1801466,0.1766928,0.1183751,0.1656386,0.186801,0.1514794,0.1558212,0.1674559,0.1612883,0.17973,0.1866632,0.136578,0.1725621,0.1411812,0.2097482,0.1759118,0.20493,0.1695446,0.2129206,0.123018,0.1733682,0.1593205,0.1507499,0.1750426,0.2334607,0.2320861,0.171528,0.1452912,0.1647406,0.1594179,0.1377507,0.2019188,0.1808626,0.1447946,0.1643632,0.1936488,0.1419003,0.1518981,0.1997593,0.1671495,0.2209397,0.1774685,0.1707701,0.2417815,0.2232753,0.194612,0.1114403,0.2402844,0.2348832,0.1339597,0.1410752,0.1448829,0.1620867,0.1014767,0.144351,0.1857594,0.1438324,0.2044328,0.1468156,0.1830442,0.2234405,0.3342748,0.2361391,0.1801233,0.2201994,0.200526,0.1434333,0.1812209,0.2025707,0.1292064,0.1508074,0.1993898,0.2177269,0.1668345,0.1516865,0.1134047,0.180883,0.2316073,0.182886,0.1729186,0.1334748,0.2520587,0.1617374,0.1559885,0.1463363,0.1574232,0.1915719,0.1671559,0.1242421
23,23,0.1510521,0.1544084,0.1786023,0.1755335,0.2151289,0.1825689,0.1542394,0.1169784,0.2139845,0.1659439,0.1992135,0.1882205,0.1518557,0.211691,0.1666477,0.1897705,0.152324,0.1542014,0.21554,0.1494388,0.1872631,0.2360339,0.1991379,0.1302351,0.1577227,0.2189285,0.1676978,0.123554,0.1789043,0.3559667,0.1417877,0.178018,0.1221063,0.1957157,0.1769439,0.1687847,0.1723533,0.165528,0.1481459,0.2057652,0.1710471,0.1291091,0.1699255,0.1638532,0.1691104,0.1890085,0.2219348,0.184833,0.2227409,0.206704,0.2498811,0.1465724,0.1721315,0.224752,0.1702214,0.1674296,0.1964668,0.1424694,0.2253786,0.1821721,0.145482,0.20355,0.1435758,0.1780613,0.1926125,0.2289997,0.1603472,0.1837,0.1762503,0.1917148,0.2093088,0.1700756,0.1633975,0.1483269,0.2274854,0.1578856,0.2069322,0.1677522,0.2027324,0.1434242,0.1710178,0.1957809,0.158051,0.1841244,0.2795504,0.2318352,0.1708141,0.1804534,0.1839829,0.1468285,0.176744,0.2004559,0.1916603,0.1779364,0.1636551,0.2583764,0.1429283,0.1400317,0.2251324,0.1935009,0.2058892,0.1768183,0.1871618,0.1752889,0.1864026,0.1767388,0.1222062,0.1808332,0.2220411,0.1485758,0.1484585,0.1630654,0.1534585,0.1259037,0.1625282,0.1864077,0.1458113,0.217359,0.1263138,0.1712407,0.2268924,0.3200661,0.2075198,0.1969205,0.19504,0.1601647,0.1451515,0.136852,0.2135832,0.1185234,0.1468547,0.1860875,0.1954938,0.145367,0.1516698,0.1376902,0.207146,0.2291206,0.2046154,0.1804814,0.1178898,0.2524649,0.1384318,0.1728682,0.1809373,0.1420711,0.2201302,0.1697737,0.121299
24,24,0.1363169,0.1642813,0.1681782,0.170604,0.2182354,0.1565756,0.1280449,0.1338564,0.1941831,0.1673704,0.2011935,0.1483184,0.1618619,0.2781114,0.1406673,0.1880566,0.1503848,0.1696304,0.1775066,0.1677653,0.1522257,0.2501511,0.2144396,0.1303866,0.1669772,0.2144322,0.1884699,0.1363129,0.1868637,0.3341608,0.1819646,0.2116992,0.1459315,0.1752409,0.1854072,0.2014684,0.1501573,0.1447158,0.1813556,0.2041141,0.1574399,0.1208717,0.1583847,0.1696364,0.1678409,0.1775161,0.1884609,0.1876145,0.2400972,0.2024315,0.2308887,0.1578659,0.1608391,0.2140649,0.1903884,0.1479181,0.2081939,0.1762434,0.1908461,0.297213,0.1648777,0.1970224,0.1319802,0.1678119,0.1887735,0.1750938,0.1557684,0.220153,0.2068882,0.1897519,0.2297216,0.1400348,0.1651655,0.138991,0.2284428,0.1529316,0.2046506,0.1454065,0.1925314,0.1504112,0.1733909,0.1807173,0.163547,0.2002896,0.2558728,0.2298713,0.1584273,0.1702317,0.1806468,0.1249421,0.1894655,0.2089112,0.2022398,0.1809066,0.1931317,0.2487816,0.1612684,0.1475276,0.2046709,0.1621909,0.2113958,0.1763451,0.163523,0.1380768,0.198069,0.1904551,0.1293317,0.1888914,0.2258413,0.1680354,0.1565112,0.1717124,0.1579693,0.1032213,0.1818815,0.1984606,0.1477437,0.2235906,0.1332913,0.1698368,0.2414293,0.3104274,0.249985,0.185423,0.2022102,0.1775741,0.1379972,0.2112353,0.1971152,0.1177915,0.1500329,0.1709433,0.1675487,0.2302082,0.1423127,0.1526344,0.2231992,0.2310095,0.1870775,0.1646376,0.1549726,0.2091969,0.1390931,0.1294497,0.1616707,0.1445578,0.2240811,0.1631418,0.1229997
25,25,0.1420778,0.1931352,0.1744033,0.2319145,0.2432669,0.1435312,0.1210279,0.1196342,0.2017184,0.1479866,0.1801738,0.1404154,0.1304834,0.2935786,0.1475528,0.1867276,0.1962078,0.1543017,0.1670636,0.1630411,0.1777135,0.2623193,0.2046423,0.1575755,0.1909607,0.2109071,0.1758234,0.1478852,0.1625717,0.3166939,0.1690323,0.213634,0.1380827,0.1876089,0.201058,0.1887942,0.1792146,0.1448407,0.150139,0.2298229,0.1850701,0.1300318,0.1285798,0.1925684,0.1447864,0.1719671,0.1918214,0.1665559,0.2340888,0.1757151,0.2210827,0.1448434,0.187029,0.2375216,0.1512762,0.1732763,0.1916748,0.1534521,0.1655558,0.3073425,0.1434907,0.175924,0.1747258,0.2142304,0.2249724,0.1330058,0.1804934,0.2167194,0.1975804,0.2016069,0.1855755,0.1305083,0.1839135,0.1528826,0.2294499,0.17417,0.2025555,0.1824841,0.1852349,0.1350646,0.1704763,0.1870229,0.1558835,0.2009087,0.1980979,0.2213669,0.1759107,0.1763021,0.2141632,0.1705458,0.1621012,0.1851655,0.2062662,0.1740918,0.1870696,0.2035702,0.1815849,0.1679182,0.2119391,0.1670062,0.2157372,0.1744859,0.1660398,0.2057376,0.1962631,0.1719464,0.1201307,0.1721085,0.2339614,0.163988,0.168624,0.1420865,0.1642706,0.1331858,0.1767813,0.2007291,0.1364485,0.2244561,0.144073,0.1670354,0.2086138,0.2975127,0.2339134,0.1941491,0.1925911,0.1665598,0.1956328,0.2101703,0.1934489,0.136935,0.1574123,0.1877436,0.1928931,0.1498216,0.1778263,0.1377878,0.1845889,0.2438961,0.1659361,0.1519954,0.1247387,0.2098837,0.1425074,0.1391064,0.1835543,0.1654101,0.2495064,0.1576668,0.1211959
26,26,0.15888,0.1678865,0.1797768,0.2192528,0.2504313,0.1242134,0.1543114,0.1155256,0.2173416,0.1163926,0.1953172,0.1619792,0.1474933,0.2929539,0.1418011,0.1827075,0.1879674,0.1663725,0.207062,0.1584802,0.1714968,0.2025637,0.1987408,0.1584348,0.1809046,0.1758821,0.1839164,0.1177096,0.2226685,0.3172615,0.1671534,0.2008247,0.1342295,0.1726956,0.2160629,0.1861898,0.1881104,0.1438474,0.1338844,0.2197127,0.1625861,0.1317604,0.1470454,0.2136845,0.1859347,0.181541,0.1944498,0.1640086,0.2918413,0.2107151,0.2108938,0.1359381,0.1606432,0.2381106,0.1386265,0.1660024,0.1909406,0.1749041,0.1677795,0.2059847,0.1631248,0.1777564,0.1693143,0.1671406,0.1859573,0.175251,0.1940402,0.2215352,0.1548112,0.2156852,0.1688708,0.1351826,0.1849042,0.1456173,0.2231665,0.1634679,0.1999263,0.1471251,0.1774263,0.1663319,0.1813008,0.1809813,0.1910473,0.1696533,0.213854,0.2643269,0.2057745,0.1578682,0.2677022,0.1146837,0.1725494,0.1846193,0.1899328,0.2197984,0.1810516,0.2003199,0.1562722,0.2006521,0.199422,0.1649049,0.2090601,0.1630843,0.168089,0.1975205,0.1961455,0.187119,0.1243944,0.2095933,0.227977,0.1561807,0.1509992,0.1544268,0.1775831,0.1586761,0.1733793,0.2089958,0.1664971,0.2168103,0.1468221,0.1845904,0.2312041,0.3028691,0.2448117,0.2023088,0.2007457,0.1864028,0.1334122,0.2367501,0.1641512,0.1115628,0.1482452,0.229488,0.1996242,0.1436571,0.1824221,0.1439821,0.2099201,0.2312655,0.1647144,0.1686579,0.1611763,0.1860481,0.1715689,0.1783231,0.1798452,0.1284475,0.215912,0.1580743,0.2820376
27,27,0.1259743,0.1629848,0.1695299,0.2035775,0.2650196,0.1226158,0.1684821,0.1390507,0.1880504,0.1202736,0.2243694,0.2148003,0.149896,0.2851675,0.1204401,0.1789643,0.1624441,0.1524189,0.2220288,0.1736484,0.1581363,0.2257415,0.2170629,0.1663604,0.1698405,0.204313,0.2041474,0.1432594,0.2164307,0.3501561,0.1673564,0.1981588,0.1632579,0.1630447,0.2224463,0.1804354,0.173214,0.1399726,0.1256136,0.2282855,0.184563,0.1236702,0.1713551,0.217331,0.1728199,0.1828757,0.1872861,0.2159923,0.2569598,0.1990721,0.2112118,0.1436501,0.1520708,0.2399946,0.1565661,0.178983,0.1783529,0.148991,0.1941949,0.2037329,0.1436587,0.1656126,0.1702566,0.193146,0.1739561,0.1992309,0.2002183,0.1885028,0.1617503,0.1974178,0.2018502,0.1533115,0.1507212,0.1437039,0.2534047,0.1480989,0.1968835,0.155289,0.2375138,0.1908029,0.1822122,0.1715737,0.1914194,0.1507206,0.2407005,0.232003,0.2115852,0.1658037,0.2300177,0.1091185,0.1402447,0.2169187,0.1943201,0.2116159,0.1901471,0.168144,0.1634917,0.1450573,0.2284755,0.1578918,0.2209435,0.1797886,0.1657708,0.1241419,0.2300004,0.1623798,0.128418,0.1848763,0.2257698,0.1684178,0.17796,0.16536,0.178247,0.149984,0.162119,0.1612176,0.2044451,0.2286236,0.164478,0.1758171,0.2341017,0.3138445,0.2451545,0.208162,0.1979994,0.1807507,0.1497466,0.2235633,0.2069244,0.1634644,0.1481263,0.2141299,0.2094725,0.1238033,0.2090536,0.1327139,0.2165745,0.2680549,0.1382168,0.1277699,0.145529,0.1533026,0.1661875,0.1482171,0.1800151,0.1608378,0.2231686,0.1773625,0.2563573
28,28,0.1322762,0.195364,0.1732379,0.221267,0.2411098,0.121703,0.1803149,0.1398596,0.1974991,0.1191935,0.2133782,0.1870369,0.1402892,0.3210395,0.1459164,0.2072084,0.1677524,0.1572434,0.2280582,0.2021628,0.1645703,0.2246145,0.2047512,0.1470742,0.173184,0.2020792,0.2205495,0.1588124,0.1811838,0.3494211,0.1535638,0.2176631,0.1391069,0.1831578,0.1687836,0.1949039,0.1844054,0.1596505,0.1600314,0.2047385,0.1852797,0.1191426,0.1494482,0.1996575,0.1548257,0.1987735,0.25988,0.184347,0.2856259,0.1916333,0.2489508,0.1532088,0.1706609,0.2380228,0.1571993,0.1703324,0.1891287,0.1541587,0.2320995,0.2221529,0.1539676,0.2050074,0.1663034,0.1831783,0.1949163,0.1442546,0.2213092,0.1910927,0.1720126,0.2188832,0.1699599,0.1510909,0.1639993,0.1627682,0.3065098,0.1593808,0.2326168,0.1710271,0.2192338,0.1600378,0.2080084,0.1926432,0.2061449,0.1418232,0.2320064,0.2528949,0.17034,0.1707342,0.2076197,0.1314329,0.1589831,0.226232,0.1681183,0.2354801,0.206304,0.1820682,0.1664746,0.1606392,0.2090523,0.1738482,0.1968707,0.18521,0.1819951,0.1511003,0.2128437,0.1764712,0.155415,0.1985688,0.230903,0.1860057,0.163137,0.2123525,0.2371679,0.1401547,0.1852957,0.1577541,0.1732613,0.2130913,0.1725622,0.1855809,0.2321938,0.2915227,0.2236126,0.2213987,0.1949258,0.1629567,0.1808624,0.2538828,0.162506,0.1251494,0.1834208,0.2445836,0.1851619,0.1259406,0.2150949,0.1648826,0.2037738,0.2622203,0.1617316,0.1773856,0.140781,0.1975353,0.1740192,0.1765755,0.1651299,0.1391472,0.2489544,0.176427,0.2431684
29,29,0.1486945,0.214452,0.1668651,0.2135946,0.2741131,0.1549319,0.1524374,0.1205339,0.2243123,0.1544822,0.199615,0.1818082,0.1425212,0.3517824,0.2182055,0.1569374,0.1571663,0.1406894,0.1684904,0.2089091,0.1521254,0.2068096,0.1967834,0.1694222,0.1835693,0.2054301,0.2053528,0.1595004,0.1608889,0.3333747,0.158034,0.2173917,0.1436742,0.1884624,0.1691422,0.2130996,0.197735,0.1278825,0.1481818,0.2006257,0.1928371,0.1242614,0.1838696,0.1582768,0.162828,0.2170472,0.2484241,0.1886182,0.254342,0.2196341,0.2390971,0.1660421,0.171019,0.2338927,0.1729089,0.1700909,0.1833813,0.1701514,0.1958736,0.2352413,0.1524823,0.2108913,0.1554991,0.1635928,0.1762427,0.1383702,0.1589766,0.2331066,0.146878,0.2034346,0.1940451,0.1473095,0.1794028,0.1723032,0.2439718,0.197015,0.2338849,0.1841112,0.1845018,0.1987006,0.1807818,0.1794502,0.2220971,0.1774703,0.216401,0.2394764,0.1797122,0.1699464,0.207772,0.132352,0.1946372,0.2042238,0.1872752,0.170567,0.2149559,0.1787081,0.2057471,0.133188,0.2167291,0.1880331,0.1865394,0.189947,0.1789049,0.1696053,0.2069953,0.2013521,0.1319991,0.1778894,0.2095525,0.1712222,0.1742697,0.1865961,0.1833491,0.1806519,0.165975,0.1635474,0.2076263,0.2025222,0.1687465,0.1740841,0.219047,0.321465,0.2427953,0.1826391,0.1936788,0.1497473,0.1382992,0.2126201,0.1737895,0.1074856,0.1719933,0.258914,0.1961009,0.1398357,0.2326473,0.1257867,0.249872,0.2149238,0.1418111,0.1782787,0.1633775,0.1635579,0.1957131,0.1344908,0.169995,0.1502458,0.2647247,0.211122,0.2728356
30,30,0.140635,0.1782192,0.1986696,0.2219386,0.2487054,0.1287566,0.1538225,0.1210251,0.2156678,0.1838899,0.1904501,0.1953523,0.1491233,0.3120325,0.2165191,0.1878303,0.1759798,0.1548513,0.2008107,0.1995765,0.1443908,0.1958551,0.1874384,0.1750632,0.189147,0.1809031,0.201538,0.1668756,0.1820388,0.2949506,0.1608174,0.2001287,0.1481597,0.1765503,0.1868682,0.1895307,0.184983,0.1818574,0.1545386,0.2060681,0.1840315,0.1386831,0.1956834,0.1664816,0.1817277,0.1665683,0.2121252,0.2001872,0.2383163,0.2212639,0.2429551,0.1536542,0.1786097,0.2420118,0.1609848,0.2254487,0.1959593,0.1711677,0.1842753,0.2304899,0.1590845,0.2240528,0.1612798,0.2081073,0.1739404,0.1073719,0.1797628,0.1721919,0.1609366,0.2429639,0.2131529,0.1429948,0.1909176,0.1326409,0.2558712,0.2237761,0.2023063,0.2154447,0.198586,0.1930846,0.1729484,0.1812011,0.2319955,0.1935679,0.2321982,0.22404,0.1777226,0.1545555,0.1962743,0.1648426,0.1854916,0.2022678,0.1873863,0.1981546,0.190154,0.1651308,0.2084063,0.1966454,0.1928273,0.1839737,0.1968052,0.1909643,0.1779375,0.1560293,0.2005539,0.1912167,0.1312056,0.1733677,0.2386224,0.1828246,0.1626811,0.1822593,0.1920144,0.1973947,0.1801251,0.1477817,0.1779995,0.2177243,0.1571681,0.1802582,0.2394436,0.3253115,0.2491145,0.2082473,0.2100702,0.2325997,0.1587205,0.2193523,0.179741,0.120914,0.1591897,0.23379,0.1650899,0.1702745,0.2266046,0.1442315,0.2374623,0.23299,0.1560863,0.1548719,0.1119105,0.211953,0.1145034,0.1202812,0.193697,0.1552353,0.25741,0.1850744,0.2634863
31,31,0.1751125,0.2113785,0.1636668,0.2488266,0.2455573,0.1195937,0.1633584,0.1266214,0.2201708,0.1728153,0.2262764,0.1688659,0.153947,0.2973952,0.2017027,0.1939559,0.1647096,0.1273862,0.2470821,0.2096203,0.1651882,0.2237663,0.1829448,0.1611093,0.1471217,0.211815,0.2191599,0.1592646,0.1468252,0.2921528,0.1480356,0.2101179,0.1627163,0.2045915,0.2032581,0.235324,0.1881339,0.1538668,0.1632963,0.209792,0.2018026,0.1286831,0.1707758,0.1749564,0.1700308,0.1917322,0.2212654,0.1466824,0.2519957,0.2552442,0.2213039,0.1525444,0.1669301,0.2384076,0.1741532,0.189009,0.2536764,0.1785274,0.1662755,0.2287118,0.1399865,0.174773,0.1726705,0.2102998,0.1697442,0.1162274,0.1617442,0.1822306,0.1705724,0.2016867,0.1439538,0.1072943,0.1948178,0.167189,0.2598816,0.1907127,0.2249279,0.2100975,0.1725632,0.1983978,0.1827125,0.1971078,0.2272178,0.2058196,0.1990337,0.249223,0.1597814,0.1925271,0.1952208,0.1356895,0.1662084,0.21365,0.1922507,0.1818583,0.1863639,0.2012229,0.1614563,0.1325371,0.2158984,0.1803235,0.1846777,0.1835151,0.1739841,0.1624627,0.205739,0.2056018,0.1429091,0.1819928,0.2352119,0.184734,0.1605078,0.1873766,0.1827675,0.1812227,0.1545037,0.1676542,0.1960846,0.2008383,0.1999454,0.160069,0.2379447,0.3242039,0.2821606,0.2203926,0.2119428,0.1683508,0.1384,0.2219489,0.1899714,0.0996307,0.1739083,0.2329744,0.2022592,0.1447895,0.1918691,0.1159139,0.215418,0.2250581,0.1409983,0.240602,0.1107269,0.2407401,0.1674381,0.1207597,0.162809,0.1295933,0.2428631,0.1965214,0.2747139
32,32,0.1481196,0.2059242,0.1994582,0.2351192,0.2197869,0.1375686,0.1662961,0.1080419,0.2121902,0.1749863,0.2113202,0.196843,0.1572565,0.3056523,0.1986697,0.2158184,0.1587771,0.1274104,0.1700944,0.1894855,0.1889894,0.2403481,0.173631,0.1508742,0.1886117,0.2160755,0.2018786,0.125606,0.1816425,0.290743,0.1547101,0.202259,0.1686751,0.2164391,0.2014011,0.2803823,0.1716775,0.1376235,0.1677798,0.2185234,0.1849539,0.1263905,0.1777691,0.1553578,0.1856769,0.1924202,0.253926,0.1814647,0.263961,0.2239396,0.2381112,0.1706175,0.146533,0.2264565,0.1650782,0.194258,0.2448724,0.1668658,0.1731194,0.2516132,0.1706356,0.1766399,0.1611423,0.2386679,0.1544528,0.1305785,0.1598733,0.1734712,0.171706,0.2431656,0.1906898,0.1335748,0.1782518,0.1900347,0.2697318,0.2238132,0.2150897,0.2094346,0.2376931,0.1563197,0.181154,0.175723,0.2772439,0.191356,0.2100747,0.2236484,0.1836492,0.1739727,0.2049838,0.1204775,0.1597461,0.1959541,0.1960545,0.1630061,0.2082144,0.2979777,0.1877397,0.1585796,0.2197406,0.1815785,0.1929979,0.1731931,0.2067759,0.1325747,0.2055432,0.1673159,0.1340332,0.1847653,0.2381474,0.1669687,0.1476533,0.1967964,0.1586909,0.162862,0.1590932,0.1895236,0.190499,0.1782885,0.171954,0.152104,0.2629929,0.3213941,0.2473758,0.240829,0.2219595,0.1692056,0.1404977,0.1897583,0.174899,0.1051838,0.1936866,0.2386941,0.1749763,0.1379675,0.172621,0.1297793,0.1980139,0.2907555,0.1767467,0.1978713,0.1358544,0.2337202,0.1439275,0.1455776,0.2103052,0.1634157,0.2485394,0.1750495,0.2651235
33,33,0.194664,0.2235909,0.1967134,0.2064319,0.2293956,0.1397263,0.1685221,0.1005182,0.2409603,0.1809313,0.1979788,0.1881931,0.1929168,0.2970739,0.2232881,0.2014114,0.1584836,0.1517058,0.1531074,0.1888992,0.1781535,0.2201071,0.1810053,0.1552497,0.2008058,0.1896666,0.2126576,0.1701132,0.1713329,0.3432752,0.1516422,0.2273984,0.1392871,0.19149,0.1886762,0.2836584,0.1841228,0.1420319,0.1947684,0.2346218,0.1890619,0.1246264,0.1821717,0.1745803,0.1641618,0.183653,0.2213657,0.1439812,0.2609318,0.2351706,0.2400186,0.1737465,0.1428225,0.24311,0.1841143,0.1826301,0.2013085,0.1817013,0.1902494,0.2382913,0.1218939,0.1619449,0.1253942,0.20325,0.1537206,0.1377499,0.1806844,0.1732386,0.1502228,0.2363649,0.1773555,0.1283276,0.1616313,0.2127589,0.2588511,0.218715,0.2353513,0.2191216,0.2041469,0.203517,0.1578389,0.2227136,0.2142166,0.1721334,0.1973838,0.2081386,0.2225775,0.1707287,0.2253329,0.1185274,0.153002,0.2492761,0.1897483,0.1655763,0.1910333,0.2224243,0.1959622,0.1482559,0.2021624,0.1720284,0.2038272,0.1844264,0.1822256,0.1320504,0.2283849,0.1502731,0.1407323,0.1529467,0.2081344,0.1684867,0.1603519,0.2069869,0.1875885,0.1779842,0.1764055,0.1426535,0.206817,0.2002082,0.1911768,0.176975,0.2477774,0.3011568,0.2562208,0.1851708,0.2306579,0.1796623,0.1497182,0.1654714,0.1899234,0.139233,0.1762088,0.2212088,0.1995009,0.1286145,0.1718063,0.1246886,0.1951763,0.2702841,0.139108,0.2131477,0.1280317,0.2204563,0.1379807,0.1540886,0.1451727,0.1496468,0.2388764,0.1888885,0.2703761
34,34,0.1620522,0.2131173,0.1935039,0.2350386,0.2972485,0.1439501,0.1377321,0.1258757,0.2182712,0.1581706,0.1965702,0.1766424,0.1678499,0.3156829,0.1725584,0.189583,0.1540004,0.1481096,0.1516066,0.1788973,0.1720218,0.2256726,0.16606,0.2091722,0.1633712,0.1977408,0.2108235,0.1813678,0.1718503,0.2783699,0.1632894,0.186649,0.1614691,0.2015449,0.2006949,0.2795008,0.1705591,0.138159,0.2102107,0.2226606,0.1790093,0.1226615,0.1822386,0.1715473,0.1842049,0.1633913,0.1868747,0.15435,0.2644365,0.2417222,0.2718701,0.1585823,0.1357588,0.2313164,0.1658964,0.1913285,0.1847837,0.196937,0.1713561,0.2225562,0.1632249,0.1878243,0.1506375,0.2479109,0.1632357,0.1402938,0.1653476,0.1815842,0.1565791,0.2037531,0.1491854,0.1435451,0.1911782,0.2893479,0.2506042,0.2167554,0.2265523,0.2160222,0.2092713,0.1725188,0.1756972,0.2843635,0.1926638,0.200018,0.2110039,0.242024,0.1948225,0.2196165,0.1941658,0.1118897,0.1503596,0.2103295,0.1873278,0.1708807,0.1804861,0.1996607,0.1445965,0.2533606,0.1953584,0.1504861,0.1870022,0.185828,0.1752119,0.1422088,0.2228107,0.1560894,0.1428272,0.176645,0.2648265,0.1821173,0.1698688,0.1900281,0.1824497,0.1927611,0.1831207,0.1845065,0.1972082,0.1927388,0.20432,0.1466815,0.2864878,0.3040737,0.2278272,0.2335639,0.2260775,0.1952046,0.1555823,0.1608248,0.1752945,0.1280724,0.1920173,0.2472789,0.2006375,0.1412844,0.185088,0.0994142,0.2109554,0.2655648,0.1920493,0.2640238,0.1160708,0.1868755,0.1248751,0.161276,0.1519586,0.1505438,0.2339594,0.1937257,0.2950991
35,35,0.1969286,0.1952008,0.1650858,0.2173397,0.2469166,0.1575034,0.1374489,0.1285869,0.1856167,0.1932241,0.2220391,0.181944,0.1794554,0.3271327,0.2019958,0.1824794,0.1220688,0.1398257,0.147657,0.1854224,0.1811919,0.2116085,0.1807621,0.1932793,0.2004654,0.2223649,0.2429241,0.1657101,0.1673237,0.341491,0.1792759,0.1952035,0.1799118,0.2047159,0.2041177,0.2737122,0.1775377,0.1324382,0.216013,0.2097827,0.2173058,0.1462622,0.1955499,0.160026,0.1893343,0.1773015,0.1890842,0.1673183,0.2578931,0.2194738,0.2321965,0.1769197,0.1807877,0.2422222,0.1876,0.1885997,0.1996086,0.2001306,0.1987594,0.2174345,0.1693438,0.184936,0.162144,0.2431049,0.1598822,0.167657,0.1665812,0.1909591,0.1648584,0.2227414,0.1719158,0.1439703,0.1755668,0.2784649,0.242955,0.2259965,0.2270026,0.2133189,0.2058556,0.1994336,0.1836095,0.2027278,0.1904989,0.1910735,0.2030098,0.2612249,0.1952402,0.2061416,0.2316492,0.1232907,0.1563162,0.2383522,0.192702,0.1428711,0.1535993,0.2054224,0.2046879,0.2261775,0.1793102,0.1789094,0.1919447,0.1863874,0.1850953,0.1466713,0.2440426,0.1514241,0.1314672,0.1415091,0.2310222,0.1968431,0.1754499,0.2044322,0.1840546,0.1767127,0.1545275,0.182565,0.176959,0.1829693,0.1755787,0.168382,0.2841415,0.3020017,0.2256009,0.2160112,0.2233298,0.1879199,0.1487281,0.1923539,0.1705655,0.1137718,0.2073787,0.2319497,0.1804431,0.1386658,0.1758874,0.0923069,0.2397664,0.2173979,0.2266723,0.167118,0.1373454,0.194348,0.1282657,0.2058657,0.1549509,0.14455,0.2489362,0.21464,0.294288
36,36,0.1789121,0.2199706,0.199263,0.2700657,0.2419778,0.1593472,0.1582424,0.1112428,0.2255757,0.1850972,0.2142852,0.1794891,0.1908218,0.328594,0.1993107,0.2031431,0.1561859,0.125474,0.1629139,0.2055934,0.1636779,0.2563916,0.1993384,0.1572343,0.154713,0.2102261,0.1984003,0.1757065,0.1719626,0.3574281,0.1889574,0.2119955,0.1690165,0.2348229,0.2143982,0.2245879,0.2070379,0.1338229,0.2456301,0.2327669,0.2048364,0.1334531,0.1870407,0.171646,0.2399337,0.1569875,0.2084299,0.1494229,0.2412483,0.2084317,0.2605273,0.1826873,0.1129807,0.2429411,0.1757133,0.1828479,0.181128,0.178256,0.1651397,0.2766643,0.2046862,0.1714616,0.1640576,0.2392362,0.1838026,0.1528499,0.172094,0.1878725,0.1466567,0.2029356,0.209349,0.1808466,0.1513481,0.2733521,0.2417924,0.2023773,0.1857444,0.2223572,0.1967046,0.1706125,0.1863909,0.2121133,0.2201264,0.1738376,0.2414641,0.2361517,0.2015566,0.2166468,0.1849221,0.140308,0.1803713,0.2098265,0.1981053,0.142428,0.1758966,0.1777368,0.2093087,0.1982707,0.1940662,0.1494274,0.1876223,0.2041727,0.1767396,0.169676,0.2315631,0.1943808,0.1682382,0.1489961,0.2156052,0.2031021,0.1693063,0.1871597,0.1811227,0.1645617,0.1783257,0.1898227,0.1864437,0.1638009,0.1873386,0.1601502,0.2661913,0.3072582,0.2575756,0.2502012,0.2373695,0.2312449,0.1549366,0.1721743,0.2099646,0.1398241,0.1774084,0.2574404,0.1948441,0.117109,0.1914243,0.1118766,0.235805,0.2392402,0.2197317,0.1690754,0.1568671,0.2234906,0.1857842,0.1667226,0.1937205,0.1768648,0.2372312,0.1693584,0.2943528
37,37,0.2218165,0.2065812,0.2204736,0.2297117,0.2616491,0.1207324,0.1673101,0.1164236,0.1882262,0.1610382,0.2314338,0.1730914,0.1548349,0.3243504,0.2789553,0.1821862,0.1259028,0.1330237,0.1573625,0.1894073,0.1867283,0.2461644,0.2334908,0.1883974,0.1726121,0.2464682,0.1993237,0.160187,0.1789264,0.328039,0.195153,0.1887589,0.1668861,0.251287,0.2111806,0.2496189,0.1831105,0.1521816,0.1683491,0.2528804,0.2114054,0.159802,0.2004166,0.1664338,0.2058803,0.1814928,0.1879106,0.1989085,0.2554571,0.2046186,0.2312245,0.191047,0.1512989,0.248516,0.1779114,0.1817537,0.1631148,0.1805165,0.1672851,0.2425162,0.1406482,0.1769565,0.1624666,0.2441978,0.1809141,0.149515,0.1887904,0.1730619,0.1243239,0.2226446,0.2117315,0.1671985,0.1781515,0.272988,0.2801963,0.2180563,0.1780652,0.2033974,0.1818879,0.1757019,0.1874513,0.1887477,0.1914121,0.188455,0.2140976,0.2111501,0.2201414,0.2063989,0.1768025,0.1289499,0.1737711,0.2056269,0.1912076,0.201937,0.1831424,0.2291984,0.2095001,0.2593423,0.1878627,0.1621816,0.1770765,0.1835211,0.1657536,0.1291609,0.2190054,0.1835565,0.123176,0.1756959,0.2579296,0.1992061,0.1839068,0.1992312,0.1595619,0.2060832,0.160862,0.2266034,0.2155466,0.1651662,0.2084781,0.1873724,0.2673178,0.3521188,0.2416676,0.193804,0.2286916,0.1909806,0.1456192,0.1842889,0.1947171,0.1239439,0.2034816,0.232975,0.1541938,0.1480431,0.197805,0.1114372,0.2527313,0.2342832,0.1948305,0.1495119,0.1595238,0.256246,0.1532083,0.1704539,0.1654604,0.1349522,0.242043,0.2089382,0.2725209
38,38,0.1985376,0.2613583,0.2200856,0.2250284,0.2344158,0.1394468,0.1782425,0.1304279,0.1895844,0.1550115,0.2174908,0.1976165,0.1664373,0.3265646,0.1545767,0.2011673,0.1354917,0.1353039,0.1505992,0.1727997,0.1570377,0.2240652,0.2201884,0.1774642,0.1782484,0.227702,0.2120015,0.1593693,0.2187748,0.3060749,0.1991102,0.1814396,0.1812557,0.2238178,0.1787708,0.2294941,0.1776874,0.1338044,0.2126065,0.2742274,0.1945204,0.1274633,0.1982721,0.1560571,0.228501,0.1645072,0.2060433,0.1808334,0.2312926,0.2058557,0.2023256,0.1836734,0.137226,0.2489178,0.1957778,0.1953808,0.1901639,0.1985745,0.2015325,0.2428225,0.1465165,0.1880817,0.1579041,0.2629262,0.1919088,0.1280771,0.1896104,0.170763,0.1355835,0.1846095,0.140411,0.1651451,0.1582264,0.2899848,0.343249,0.1755897,0.1965796,0.2127647,0.1957566,0.1721778,0.193672,0.2001442,0.1779029,0.2032727,0.2365693,0.2263364,0.2101647,0.2146918,0.1612867,0.147827,0.1984613,0.1895959,0.1924771,0.1299116,0.1877954,0.1883021,0.1618083,0.2660463,0.1702449,0.1550385,0.194435,0.1899358,0.1664234,0.1840251,0.2187752,0.1578235,0.1420156,0.1534543,0.2686109,0.1980239,0.1715612,0.1648135,0.1792755,0.2079605,0.1643371,0.1964838,0.2023063,0.1980531,0.1645922,0.1608289,0.2430533,0.3187688,0.229113,0.2107316,0.2197017,0.2159164,0.1491711,0.1829433,0.2175148,0.1084189,0.1792151,0.2374952,0.1568554,0.1168024,0.2049131,0.1296119,0.2136216,0.2526042,0.1979552,0.1773912,0.1592934,0.218518,0.1553562,0.2157519,0.2195366,0.1530118,0.2287188,0.198577,0.2986112
39,39,0.2139912,0.2913647,0.1983152,0.1991501,0.2605754,0.1547616,0.1648495,0.1479501,0.1876687,0.1621426,0.2388094,0.1920601,0.1690425,0.3133992,0.1314107,0.1973782,0.1488999,0.1246009,0.1693976,0.2001879,0.1929547,0.2296519,0.2199744,0.1920396,0.2007965,0.2013972,0.2207785,0.1817232,0.2189911,0.3771309,0.2250233,0.2209851,0.1368322,0.1839919,0.187082,0.1947912,0.1857426,0.1570263,0.1929694,0.236317,0.2359393,0.1254138,0.1970917,0.1686427,0.2455904,0.1620071,0.2465348,0.2167524,0.2467387,0.2152942,0.2212456,0.1931564,0.122384,0.24305,0.1904622,0.1895768,0.1835044,0.2062345,0.1779288,0.2877586,0.2076476,0.1878158,0.1465466,0.258828,0.1734517,0.1112835,0.1921989,0.1996382,0.1436007,0.1886116,0.167754,0.163285,0.1858595,0.2930314,0.3291419,0.2170125,0.1803204,0.2187328,0.2031577,0.1662181,0.1768811,0.2097756,0.1852623,0.1696645,0.2035999,0.2109516,0.1728851,0.173478,0.1632869,0.1315963,0.1789669,0.2116461,0.1846345,0.2094562,0.1636111,0.2182805,0.1638282,0.2674699,0.1830004,0.1541638,0.1901925,0.171368,0.1549644,0.2334677,0.2351022,0.2391852,0.1423203,0.1361137,0.2101359,0.2333392,0.1968196,0.1716037,0.2029182,0.1850847,0.199711,0.1886101,0.1983808,0.1705991,0.2184526,0.1597485,0.2317937,0.306282,0.2281784,0.2210223,0.2196099,0.1748491,0.1766685,0.2070878,0.1931445,0.12338,0.182757,0.2148712,0.1496245,0.1570888,0.1884627,0.1497014,0.1986047,0.2571622,0.1549553,0.2028669,0.1605875,0.2404646,0.160139,0.1379836,0.2196703,0.1758637,0.2302384,0.2101243,0.2693548
40,40,0.2319173,0.1925993,0.2077462,0.2144174,0.2414103,0.1432516,0.1565633,0.1503101,0.1828502,0.1417908,0.2444273,0.2233117,0.1858555,0.3006978,0.1554002,0.1929929,0.134093,0.1107209,0.1536484,0.2000662,0.1890445,0.2434943,0.2180129,0.2014098,0.1968977,0.209456,0.2121629,0.1821391,0.2109069,0.375869,0.2004443,0.2174073,0.1742291,0.2125649,0.1958802,0.232106,0.1781858,0.171376,0.152121,0.2365833,0.1984911,0.1365298,0.1907005,0.1486717,0.2581189,0.210871,0.2589304,0.1490998,0.2360731,0.2310872,0.2247047,0.2014796,0.1376375,0.2572727,0.2220272,0.1991652,0.1976167,0.2407735,0.1998805,0.2613923,0.2591273,0.1768656,0.1567373,0.2166653,0.2036721,0.1688205,0.1885947,0.1799923,0.1783432,0.2446376,0.1929029,0.1412655,0.1905444,0.280222,0.320607,0.164739,0.1920156,0.22126,0.2437384,0.1471189,0.21274,0.2222656,0.1858971,0.1699805,0.3369761,0.2577511,0.2055432,0.1872943,0.1705068,0.1298988,0.1857578,0.2040496,0.1825096,0.1610936,0.1669321,0.1968659,0.1762341,0.2585496,0.1815615,0.1631687,0.1891193,0.1789996,0.1470385,0.1663538,0.2277392,0.2169062,0.1385025,0.1483985,0.23363,0.2327728,0.2160183,0.1837187,0.1776803,0.1512794,0.1690922,0.244887,0.2205238,0.174297,0.2501681,0.1648937,0.261941,0.3163246,0.2490828,0.2127321,0.2083837,0.1801187,0.1753855,0.2081292,0.1813699,0.1111321,0.1866716,0.1878031,0.1996661,0.1322995,0.200944,0.1620578,0.1904672,0.2696398,0.1674368,0.2736248,0.1435935,0.2057308,0.1887305,0.1439425,0.2298208,0.1551991,0.2564409,0.386797,0.2841773
41,41,0.2003962,0.2157777,0.2031823,0.1986467,0.2583759,0.1573888,0.1784015,0.1183029,0.1836311,0.158645,0.2492351,0.1924073,0.196459,0.2817962,0.1625092,0.2094348,0.1554404,0.1253832,0.1561721,0.1999186,0.1872043,0.2336272,0.2392033,0.1906441,0.1861834,0.1999192,0.2135638,0.1570186,0.2031227,0.3175229,0.1886488,0.2114513,0.1622196,0.185632,0.2333525,0.2172421,0.1804287,0.1468317,0.1450655,0.220786,0.2124277,0.104895,0.1987137,0.1548128,0.2794774,0.1776047,0.2930423,0.1426359,0.2453986,0.199765,0.2628802,0.2153465,0.1365909,0.2504152,0.1625237,0.2777873,0.1606712,0.2363713,0.2285098,0.2637303,0.2054351,0.185217,0.1648044,0.2410333,0.1811078,0.1826407,0.1871538,0.1853703,0.1621267,0.2258919,0.1792515,0.1571035,0.1753851,0.2759703,0.3272764,0.1777156,0.1802399,0.2327629,0.215525,0.1687942,0.1902299,0.223623,0.1764083,0.2057881,0.2908392,0.2451422,0.2637611,0.189541,0.1747442,0.1417983,0.1769999,0.1861604,0.1867849,0.1515442,0.1567883,0.1785751,0.1413973,0.2558129,0.1941201,0.1437568,0.2040605,0.1759059,0.1710884,0.1644045,0.2347629,0.1974331,0.1388576,0.1779124,0.2151284,0.2155516,0.1785046,0.1938654,0.186195,0.1440059,0.2311889,0.1995896,0.2437584,0.2041093,0.219947,0.166412,0.2535541,0.3485887,0.2385379,0.2435182,0.2150007,0.2016099,0.1900002,0.2314924,0.185975,0.1168129,0.1789324,0.2032308,0.1739786,0.1180444,0.1780981,0.1771377,0.1851862,0.241717,0.1541073,0.2984232,0.1172177,0.256995,0.1635234,0.1849088,0.2543561,0.1968348,0.2593776,0.2632464,0.2939454
42,42,0.1946855,0.1904448,0.2114646,0.2330975,0.2653003,0.1533364,0.1627224,0.1301879,0.1975814,0.1413885,0.2511235,0.1926544,0.1824239,0.2986334,0.1257174,0.2221345,0.159322,0.1131982,0.1799079,0.1738287,0.173943,0.2578875,0.2135231,0.2125217,0.1945415,0.1784074,0.2319836,0.1635451,0.2529813,0.3266622,0.2246503,0.2137039,0.1605786,0.2023938,0.1830307,0.220959,0.2077278,0.1518008,0.185084,0.2243958,0.2262852,0.1090258,0.1963899,0.1989212,0.2696298,0.173578,0.2580427,0.1429078,0.2502754,0.2129022,0.2395561,0.245785,0.1365663,0.2533451,0.1768875,0.2663112,0.1932444,0.2297709,0.2162288,0.2863919,0.2183486,0.2024265,0.1574607,0.2480206,0.1980643,0.1899281,0.1641274,0.180754,0.1781868,0.1925474,0.2036984,0.1340434,0.1814062,0.2860396,0.3448149,0.1812156,0.1996679,0.2251408,0.1939568,0.2046328,0.175144,0.2065604,0.19309,0.2314977,0.2650734,0.2470104,0.2291552,0.1830728,0.1721247,0.1427446,0.1872505,0.2093709,0.1950985,0.1302994,0.1812025,0.2206997,0.175,0.247302,0.1868465,0.1694618,0.1810844,0.1853921,0.1761332,0.1806846,0.2121059,0.1992696,0.1396671,0.1933318,0.248279,0.2033415,0.2137842,0.1461525,0.1926942,0.1712546,0.1881347,0.2465743,0.264148,0.1923252,0.2322991,0.1805058,0.261142,0.3246696,0.2760446,0.2004655,0.2411636,0.1975976,0.1636888,0.2231407,0.1550913,0.114081,0.194656,0.2266197,0.1697488,0.1473202,0.215354,0.1627078,0.1702541,0.2282286,0.1726994,0.2122729,0.1363823,0.2431599,0.1789763,0.1747844,0.2771487,0.1451701,0.2540362,0.2454214,0.2809612
43,43,0.2085085,0.179774,0.2086747,0.1955656,0.2793634,0.1664217,0.1838563,0.1395264,0.226702,0.1807954,0.2258558,0.2057252,0.190612,0.3126911,0.1616232,0.2598163,0.1647359,0.1375219,0.1637553,0.1969813,0.1905068,0.2543027,0.2354392,0.2082051,0.1801292,0.198737,0.2232639,0.1590651,0.2060257,0.3112786,0.1846985,0.2164833,0.1644935,0.1979934,0.2134511,0.2159163,0.1559705,0.1479987,0.1757306,0.2453248,0.2030971,0.11806,0.2226088,0.2150905,0.233338,0.1785646,0.2636546,0.1167357,0.2227653,0.1984728,0.2258208,0.2285554,0.1476468,0.2505674,0.168422,0.2690987,0.1662357,0.242261,0.2119656,0.2730475,0.2568343,0.1918551,0.1570724,0.2639495,0.2000265,0.140843,0.1821947,0.1740435,0.150714,0.1912481,0.2219452,0.1559485,0.2023344,0.2801074,0.3372175,0.1739354,0.224974,0.2157873,0.2317169,0.1913141,0.1965685,0.209316,0.1777017,0.2429862,0.2495548,0.2355477,0.2184388,0.1842386,0.1528398,0.1536442,0.1613543,0.2008226,0.1855818,0.1609101,0.1354328,0.2109681,0.1589481,0.2663227,0.2020813,0.1565318,0.2110249,0.2065284,0.1870433,0.1829271,0.2442406,0.2276645,0.166089,0.1865072,0.2678189,0.2055293,0.1954686,0.1762134,0.1915119,0.2001317,0.2231683,0.1910692,0.1994901,0.1986479,0.1530806,0.1945374,0.2496027,0.3031895,0.2673704,0.1904714,0.2580215,0.1888967,0.1679868,0.2188641,0.1805461,0.105383,0.2272139,0.2629375,0.1747756,0.137452,0.2103411,0.1628679,0.1765047,0.2177857,0.1665524,0.2329932,0.1303744,0.2566161,0.1872326,0.2105449,0.2842619,0.2155502,0.2464902,0.2097012,0.2932953
44,44,0.2199028,0.1472217,0.2266419,0.1727484,0.2641576,0.1561268,0.209052,0.1541725,0.2142946,0.1454818,0.2034386,0.2070972,0.2148158,0.2971265,0.1724399,0.2258981,0.1679332,0.1351691,0.1442324,0.1867643,0.2118172,0.2674069,0.2204098,0.2316553,0.2218577,0.185272,0.2473328,0.175222,0.2203102,0.3083256,0.230516,0.2337111,0.1817966,0.1988624,0.2035779,0.2345616,0.194385,0.1500001,0.1406478,0.2490816,0.2183589,0.1262137,0.203247,0.1831883,0.2049967,0.1610361,0.2374303,0.1739834,0.2331269,0.2202688,0.2618743,0.2038965,0.1645,0.2612281,0.1684498,0.2520002,0.1895926,0.2046885,0.2346205,0.2648834,0.1719417,0.1898587,0.1448604,0.2089072,0.1818956,0.1662784,0.1627175,0.1680416,0.1666751,0.2010049,0.1891787,0.1678327,0.1590251,0.296108,0.3304026,0.170014,0.2332233,0.2187297,0.2529201,0.2045557,0.1928969,0.2192722,0.1816037,0.2403772,0.2525352,0.2454851,0.2565832,0.1781445,0.1585134,0.1301268,0.2074872,0.2166243,0.1968578,0.1398368,0.1649586,0.2432221,0.1785538,0.2737647,0.1813048,0.175064,0.2324255,0.1612747,0.1879701,0.1681076,0.2259623,0.2014007,0.1316474,0.1953049,0.2391262,0.2213888,0.2238919,0.1629282,0.2232947,0.1928273,0.267726,0.2204242,0.180875,0.2124671,0.1807796,0.198379,0.2465684,0.3360009,0.2268876,0.1924012,0.2730033,0.1983812,0.1632461,0.2151462,0.1936118,0.0943739,0.1814288,0.2350412,0.1789841,0.1279999,0.2243802,0.1882155,0.173407,0.2489143,0.1965636,0.1684907,0.117496,0.2415363,0.1958666,0.1901439,0.2157314,0.1819508,0.2450784,0.2144081,0.3000697
45,45,0.2531519,0.166634,0.2157606,0.20477,0.3119059,0.138758,0.1887656,0.1268136,0.195162,0.1561383,0.2443814,0.1992193,0.177383,0.3399999,0.1697814,0.2405915,0.1508387,0.1046152,0.1585536,0.2015656,0.2015078,0.2612475,0.208483,0.2502854,0.2342185,0.1834918,0.2382464,0.1873282,0.2113152,0.3119963,0.2065673,0.1959529,0.1806845,0.1940036,0.1795832,0.2153459,0.1634298,0.1429381,0.217981,0.2588806,0.1942986,0.131265,0.2008342,0.1877054,0.1911145,0.1798652,0.2348865,0.2030842,0.2597874,0.199668,0.2404061,0.2146747,0.1501116,0.270163,0.1833037,0.2313401,0.1853534,0.2615047,0.2700672,0.2256975,0.2298025,0.1932025,0.1568675,0.2177515,0.1975245,0.156937,0.1757615,0.185363,0.1766949,0.1884412,0.1962948,0.1467702,0.1936377,0.3089018,0.3114315,0.1827387,0.2076185,0.232447,0.2286597,0.2235425,0.1771078,0.2260616,0.1918253,0.2442233,0.2659938,0.2377145,0.2154049,0.1953415,0.1833403,0.1343179,0.2030419,0.2072504,0.2135378,0.166382,0.1804673,0.255459,0.1669131,0.2599632,0.220365,0.1857982,0.1916892,0.1621503,0.189648,0.1798298,0.2220038,0.1889773,0.1425016,0.199745,0.2623439,0.2205447,0.1869306,0.1974202,0.1794941,0.1708268,0.2392098,0.2115298,0.2008242,0.2089559,0.2143526,0.2060316,0.2680104,0.3178339,0.2165568,0.1766437,0.24425,0.2142394,0.1818881,0.1961491,0.1602497,0.0994478,0.1772474,0.2193581,0.1782278,0.1192682,0.192489,0.1937712,0.1895805,0.19689,0.1742669,0.1631232,0.1494194,0.2105797,0.1896702,0.1962724,0.183387,0.1437491,0.277418,0.2605487,0.3124505
46,46,0.235637,0.237412,0.2296965,0.1698933,0.2721176,0.1359944,0.2075831,0.1307122,0.1886474,0.1946655,0.2018842,0.202682,0.1733874,0.2694231,0.1570336,0.2691134,0.2036883,0.1235963,0.1779886,0.1864578,0.205317,0.2488911,0.1754849,0.2191514,0.2097298,0.1934067,0.2311067,0.1717459,0.1820036,0.2831468,0.1831826,0.2075604,0.1981945,0.1878326,0.1986298,0.2153524,0.1555615,0.1733021,0.1505062,0.2298571,0.2130106,0.1264202,0.2211783,0.1888509,0.2108544,0.174317,0.270795,0.2144204,0.2524492,0.2073997,0.2095241,0.1890145,0.1374809,0.2434511,0.1925427,0.1851071,0.1978964,0.252898,0.2530275,0.1981689,0.1677804,0.1979915,0.162136,0.2052092,0.1937709,0.1735391,0.1858827,0.2239764,0.1621826,0.2047518,0.2454291,0.164479,0.2312153,0.2846169,0.3386143,0.2000455,0.2224164,0.1797463,0.254803,0.2227446,0.2254124,0.2133933,0.1882084,0.2362483,0.2336896,0.253091,0.2583487,0.2022121,0.1803354,0.1159578,0.2089947,0.1902349,0.1980723,0.1656004,0.2050986,0.2098498,0.1594365,0.2507262,0.2051229,0.1641985,0.207917,0.1860861,0.1775361,0.1790526,0.2331823,0.178901,0.1452611,0.1884709,0.2592977,0.207617,0.1994522,0.1555017,0.2150187,0.1917126,0.2195975,0.1742811,0.2365396,0.1826215,0.222072,0.1904501,0.2717168,0.3403594,0.2108579,0.1684399,0.2502098,0.1974283,0.1558888,0.2095754,0.1575972,0.0976714,0.1926924,0.2658007,0.1706932,0.1266297,0.1980399,0.1843481,0.1783905,0.2141121,0.1784755,0.1671931,0.1373798,0.2226122,0.1960403,0.1840685,0.1936216,0.1442343,0.2390144,0.2525736,0.308686
47,47,0.215598,0.1737426,0.2274441,0.181305,0.2929905,0.1261997,0.1669174,0.139458,0.1831913,0.2279868,0.1869034,0.203082,0.1832721,0.2628286,0.313469,0.3060231,0.1528303,0.1625782,0.1626832,0.1668374,0.2172559,0.2879652,0.2040698,0.2387413,0.1889551,0.1871736,0.2158644,0.1530548,0.2020531,0.3597301,0.1954077,0.2359359,0.1749802,0.1781034,0.1952231,0.2269106,0.169552,0.1626289,0.1427166,0.2611197,0.2227853,0.145963,0.2260301,0.1749308,0.1917093,0.1903115,0.3032591,0.2428821,0.2163507,0.2148006,0.1936129,0.201971,0.169073,0.2597432,0.2197737,0.1889721,0.1631047,0.1890775,0.2981718,0.1894214,0.1706922,0.1780442,0.1607668,0.1981903,0.1750636,0.1565605,0.1719864,0.1771888,0.1730625,0.2100662,0.2485434,0.1569649,0.1730382,0.2638931,0.3236802,0.1923404,0.2250445,0.2062233,0.2526988,0.2113274,0.1688675,0.2189489,0.1973852,0.2340976,0.2817909,0.2441264,0.2289353,0.2091858,0.1925771,0.1504631,0.1392437,0.1952147,0.2179923,0.1825687,0.1741494,0.214515,0.1786497,0.2416669,0.256396,0.174048,0.2054554,0.2161075,0.1952259,0.1839724,0.2418687,0.1834125,0.1363537,0.209175,0.2679723,0.1934631,0.1771412,0.151033,0.1865882,0.1797906,0.2724389,0.1889706,0.2130762,0.2189213,0.1779984,0.197267,0.2522424,0.3363704,0.2510948,0.1819107,0.2452196,0.2303991,0.1440601,0.2306764,0.1906939,0.1199674,0.2039115,0.2801926,0.2221645,0.1603686,0.2184496,0.181949,0.1929726,0.2704272,0.1596528,0.138719,0.1772741,0.2252295,0.1921801,0.191846,0.2292275,0.1328028,0.23907,0.2316299,0.2901458
48,48,0.2236976,0.1865457,0.2251384,0.2576718,0.3046914,0.1328766,0.1755288,0.1096823,0.2138199,0.1612912,0.2066527,0.2000492,0.2075718,0.2906747,0.3565685,0.3097358,0.1712103,0.126696,0.1683958,0.1882719,0.2306942,0.2686609,0.204361,0.2169983,0.2264125,0.181029,0.2253983,0.174532,0.1957297,0.2876526,0.1864856,0.2310648,0.1791533,0.1944321,0.1968094,0.23169,0.1474291,0.1568374,0.1531914,0.2760589,0.2044288,0.1670144,0.2153141,0.2129101,0.1823609,0.202053,0.3334528,0.2391028,0.2339473,0.198224,0.1836678,0.1775387,0.1708678,0.2212207,0.2039259,0.1760943,0.172803,0.2414392,0.30089,0.1910393,0.2432361,0.183177,0.1543072,0.1965291,0.224149,0.1409411,0.1962726,0.1898552,0.1694622,0.2216686,0.2642442,0.1672272,0.1800264,0.2882914,0.3163996,0.1786064,0.1940566,0.2055642,0.255227,0.2170651,0.1992628,0.2249304,0.2138728,0.2324635,0.2673737,0.2602071,0.2930005,0.2286098,0.1856405,0.1546685,0.2227402,0.2109058,0.2111375,0.1703016,0.1837683,0.2277669,0.1536699,0.2277816,0.2249704,0.160993,0.205073,0.2271158,0.1776421,0.179608,0.2332624,0.207826,0.1654068,0.2444824,0.2353405,0.1766281,0.1571893,0.1714709,0.189772,0.1789495,0.2497967,0.1821599,0.1861121,0.2256203,0.167175,0.2254362,0.2237375,0.3587115,0.2353295,0.1702556,0.2311136,0.1987654,0.1608705,0.2351394,0.1925089,0.1554,0.1628512,0.2362135,0.2000256,0.1932869,0.1788917,0.2005942,0.1495789,0.2716477,0.1927799,0.1637525,0.1590464,0.2150499,0.1859022,0.1984368,0.2428687,0.1193697,0.2250032,0.2164868,0.2941134
49,49,0.227893,0.1808259,0.233782,0.2168596,0.3300889,0.1346388,0.1697564,0.151045,0.1993238,0.1562146,0.2085739,0.2254252,0.2113358,0.3172105,0.3055942,0.2707678,0.1698842,0.1264072,0.1679647,0.1641969,0.2371368,0.2699789,0.2156015,0.2469381,0.2260669,0.1791213,0.2025755,0.168741,0.2003194,0.2829636,0.2104987,0.2577314,0.1662456,0.2137785,0.2016663,0.2250698,0.1268311,0.1592026,0.1891024,0.227645,0.1878103,0.1550946,0.1920504,0.2047951,0.2066193,0.2078307,0.3221946,0.2412239,0.2366187,0.2113331,0.2086617,0.2134859,0.1315878,0.2553802,0.1871278,0.2027613,0.1589943,0.1845007,0.282547,0.1576105,0.2388926,0.1981705,0.1466309,0.1747211,0.2118986,0.1662976,0.1893517,0.1798834,0.1736345,0.2253599,0.264709,0.177728,0.1894149,0.2717344,0.3310128,0.1636589,0.2071943,0.233521,0.2656918,0.2251405,0.1598873,0.1957509,0.2116921,0.2464843,0.2030867,0.2445878,0.2566203,0.2124653,0.1685416,0.1511828,0.225985,0.2202528,0.2262648,0.1761165,0.2141793,0.2139149,0.1389674,0.2082713,0.2375137,0.1651639,0.2000101,0.2079553,0.1710357,0.1540196,0.2151465,0.1979035,0.1574004,0.259059,0.2244217,0.1979771,0.1855728,0.1951702,0.2170456,0.1992124,0.3033324,0.2390414,0.2005818,0.2157778,0.2432059,0.2246144,0.2392688,0.3391069,0.238735,0.1844978,0.2321625,0.1998947,0.1536561,0.2533214,0.1806939,0.1363417,0.1545196,0.250865,0.1753589,0.1940803,0.197704,0.1648195,0.1996976,0.2819995,0.1802703,0.1456137,0.1873887,0.20101,0.2079355,0.1904988,0.2484133,0.1187102,0.2716479,0.2152477,0.2965896
50,50,0.2158739,0.2082449,0.2514292,0.2193262,0.3752028,0.1639504,0.2121191,0.1608068,0.1664459,0.1459512,0.25507,0.2152051,0.2027726,0.3157082,0.3074946,0.2674519,0.1617844,0.1202212,0.1799891,0.1644361,0.2221298,0.2453241,0.20559,0.1950537,0.1987805,0.1984573,0.1974565,0.1590911,0.1970754,0.2959827,0.1846666,0.2589583,0.1600871,0.1774426,0.1921139,0.2318119,0.1664877,0.1344386,0.1610796,0.2674727,0.217532,0.1333533,0.2117811,0.1825013,0.2016184,0.1899986,0.3915143,0.1852665,0.2300015,0.2405401,0.1963979,0.2106941,0.1457004,0.2267758,0.2123783,0.2064243,0.1707258,0.1962588,0.2999581,0.2170026,0.2776797,0.1805323,0.1678987,0.1835669,0.206521,0.1636847,0.1820998,0.1706374,0.2095161,0.1980114,0.2713111,0.1772987,0.2064769,0.1969601,0.3202936,0.1692419,0.2140024,0.1759095,0.2595343,0.2239075,0.1611653,0.2029998,0.1885343,0.2278059,0.2730884,0.220904,0.2879182,0.2045047,0.1786484,0.119314,0.3094276,0.1913921,0.2228786,0.1757713,0.2067904,0.1899604,0.1633381,0.15556,0.2052751,0.1749447,0.1829364,0.2277928,0.1752721,0.2636295,0.2263917,0.1919013,0.1629834,0.2217277,0.1976958,0.1924529,0.1640937,0.1975738,0.1750813,0.1948823,0.2642231,0.2721443,0.2184152,0.1793087,0.2229443,0.2377975,0.2632675,0.3488766,0.2152301,0.1896336,0.2172717,0.2107905,0.1720764,0.2282016,0.1445573,0.1371876,0.2019806,0.2470016,0.2152734,0.169001,0.1952207,0.1531921,0.2035922,0.2479045,0.2040123,0.173302,0.2086247,0.1820067,0.213115,0.1560878,0.2060148,0.1162268,0.2348753,0.2249558,0.3049921
51,51,0.253752,0.2185325,0.2465483,0.1818512,0.3344106,0.1496148,0.1796393,0.1813752,0.1774981,0.1702081,0.1771627,0.2040611,0.1806887,0.3483019,0.1717505,0.2939433,0.1612618,0.1277231,0.208262,0.1733979,0.2131658,0.220016,0.1838637,0.2256953,0.2192721,0.1843644,0.2026806,0.1616369,0.1965632,0.3174292,0.1980069,0.2947967,0.1530688,0.2005629,0.1976742,0.214314,0.1428726,0.1196923,0.1549044,0.2447906,0.2463544,0.1156462,0.2170378,0.199523,0.2917681,0.1771967,0.3599443,0.1901163,0.2591819,0.1875302,0.1854552,0.2217974,0.1323726,0.2342825,0.1813911,0.2099844,0.1759239,0.1942056,0.2553582,0.2092619,0.3036305,0.189065,0.150454,0.2050406,0.2198424,0.1598053,0.191204,0.1827398,0.2018926,0.1921289,0.2644342,0.1734315,0.1667875,0.2035863,0.321329,0.1623812,0.2129745,0.2193427,0.2965868,0.2113343,0.181477,0.2317261,0.2175801,0.2273685,0.2476983,0.2529621,0.278454,0.1955367,0.1724739,0.1672676,0.3380654,0.1931944,0.2092061,0.188469,0.2179342,0.1900491,0.1690439,0.2026537,0.2183555,0.1677935,0.1967671,0.2258041,0.1779496,0.2026213,0.2458718,0.1852542,0.159286,0.2350503,0.1764907,0.193643,0.1670308,0.1754196,0.1944849,0.2222881,0.3007276,0.213669,0.2587469,0.1963212,0.2368602,0.2214741,0.2595832,0.3709958,0.2421628,0.1841293,0.2301374,0.203093,0.1786735,0.2409535,0.1487688,0.1508372,0.2246254,0.250661,0.2106875,0.1981362,0.2256109,0.1623818,0.1892133,0.2528102,0.1535984,0.1533562,0.1909259,0.2122484,0.2100132,0.201706,0.2087377,0.1293028,0.2278702,0.224871,0.3097877
52,52,0.2652201,0.2097787,0.2461298,0.194157,0.3139172,0.1409913,0.191706,0.1630154,0.1526139,0.1521323,0.2069222,0.1925817,0.2085985,0.3389054,0.2029963,0.28524,0.2131343,0.1602415,0.2542871,0.1824075,0.1981151,0.2485678,0.2054764,0.2322699,0.2109436,0.1918191,0.2620119,0.1674754,0.2149409,0.3119715,0.1992819,0.3058906,0.1758528,0.189759,0.2041713,0.2190251,0.1601373,0.139892,0.1420739,0.2856957,0.2225249,0.124709,0.1997225,0.1831853,0.2685857,0.1734221,0.3279166,0.1569815,0.2497435,0.2126991,0.1844445,0.216039,0.1169162,0.2406274,0.2045369,0.2032922,0.1490472,0.1893418,0.3151001,0.1922034,0.2693146,0.200089,0.1625634,0.1861407,0.2296175,0.17584,0.1811364,0.1653171,0.2048121,0.2276876,0.1975342,0.1736826,0.1882498,0.1929313,0.3394562,0.1989393,0.2303137,0.2077562,0.274688,0.2236223,0.1766635,0.2276114,0.2006629,0.2404928,0.3004988,0.2622377,0.2661537,0.1996131,0.1740985,0.1478233,0.2553211,0.2416614,0.1564704,0.2094675,0.1461028,0.2078936,0.1558653,0.188316,0.2289968,0.1543775,0.1995713,0.2100473,0.1829038,0.2193908,0.234384,0.2069385,0.1612598,0.2535321,0.1574511,0.1983941,0.1761453,0.1885907,0.1901922,0.2001327,0.2676859,0.2043141,0.2178525,0.2176332,0.2228733,0.2283171,0.2750613,0.3169025,0.2216231,0.1938834,0.2427859,0.222877,0.1734288,0.2488331,0.1672997,0.1566148,0.2176342,0.2341811,0.1743425,0.2067079,0.1864573,0.1671062,0.1985951,0.2705863,0.1797843,0.1506755,0.1754702,0.2339762,0.2194342,0.1874465,0.2413258,0.1830865,0.2167762,0.2221869,0.3028917
53,53,0.2639573,0.2455619,0.2346466,0.204435,0.3442549,0.1531773,0.1983527,0.1509494,0.1568571,0.1577519,0.1994601,0.1795308,0.1791688,0.3463812,0.1393545,0.2597727,0.2026117,0.1890702,0.1655515,0.2008855,0.2215239,0.2525655,0.2108027,0.2463895,0.216258,0.2232108,0.2327956,0.1520693,0.171432,0.3025261,0.1979591,0.3542511,0.1561514,0.1737995,0.2024323,0.2330111,0.1508009,0.1453709,0.1140943,0.2538023,0.2195314,0.1662258,0.2294614,0.1482036,0.2134938,0.1913529,0.3413105,0.1855827,0.2294598,0.2326628,0.2071655,0.1830615,0.1302702,0.2383944,0.2111831,0.2162644,0.1459313,0.1826673,0.2720886,0.1867578,0.2513483,0.2157485,0.1601615,0.1914291,0.2626146,0.1976794,0.1840442,0.1977565,0.1936978,0.2160224,0.2602256,0.1607917,0.1877912,0.2382368,0.3493243,0.2260415,0.2467265,0.2038292,0.2804593,0.213413,0.1363826,0.2367157,0.2074099,0.2329655,0.2488434,0.2518209,0.3078894,0.1888873,0.2037528,0.1698109,0.2518971,0.2218876,0.1518697,0.2233689,0.1430414,0.2281647,0.148229,0.24092,0.1996175,0.1691323,0.2056062,0.2793112,0.1490267,0.1600058,0.2231961,0.1956229,0.1680226,0.2220069,0.1889133,0.2089813,0.1866385,0.2037883,0.2099568,0.1831352,0.2749303,0.1691058,0.271686,0.1816624,0.2367204,0.1733881,0.2682667,0.3217174,0.2183454,0.1877479,0.2429256,0.212201,0.153885,0.2492415,0.1525868,0.138704,0.1623105,0.2061681,0.2125708,0.2133523,0.1946159,0.1722749,0.1755972,0.2529613,0.2003396,0.1683398,0.1664875,0.2152455,0.2022119,0.1608138,0.1980865,0.1544088,0.2216348,0.2256315,0.3128379
54,54,0.2734208,0.2396606,0.2261785,0.2227929,0.351452,0.1444957,0.1833931,0.154893,0.1650485,0.1798137,0.1994295,0.2104956,0.1997369,0.3425646,0.1724849,0.3172968,0.1923077,0.1758264,0.1871205,0.2099739,0.2242105,0.2085311,0.2532834,0.2141317,0.233499,0.2108472,0.1805194,0.1510437,0.1806066,0.2899801,0.215716,0.3140693,0.1939952,0.1626668,0.2140205,0.2214868,0.1523855,0.119162,0.1197596,0.3541705,0.2182761,0.1289389,0.2109464,0.1246861,0.3157263,0.1822072,0.3233918,0.2197196,0.2526628,0.2193076,0.1921006,0.1884731,0.1257764,0.2230164,0.1767961,0.2661629,0.1721327,0.1803226,0.2319095,0.2128623,0.2830312,0.2076418,0.1396961,0.1827188,0.2440088,0.1903906,0.2181579,0.1724955,0.1827614,0.2163116,0.2577827,0.1593503,0.2252252,0.1913583,0.3301402,0.1907719,0.229058,0.1929428,0.2793931,0.2004401,0.1543707,0.2100691,0.2120032,0.2477537,0.2338507,0.2690606,0.2898531,0.2667643,0.2437788,0.1647566,0.2495745,0.1981118,0.1454582,0.194902,0.125967,0.1963173,0.1428587,0.2429212,0.2231413,0.1621705,0.2487309,0.2555632,0.1458307,0.1484211,0.2478897,0.1672537,0.1816205,0.2271869,0.2058007,0.1942989,0.1932358,0.1795705,0.1873939,0.1747207,0.2927461,0.2064355,0.2330002,0.1694758,0.1929954,0.1828203,0.2589292,0.2910597,0.2260913,0.2043497,0.2444559,0.2920649,0.1621487,0.2474511,0.180035,0.1238196,0.1762244,0.2317267,0.2137733,0.223221,0.208901,0.185261,0.1950873,0.2452371,0.197975,0.1838923,0.1801936,0.2019363,0.2240151,0.2073488,0.2063258,0.1232292,0.2246728,0.2072121,0.3086378
55,55,0.2990967,0.1896867,0.2255722,0.2284868,0.2953365,0.1858123,0.1750738,0.1828956,0.1637675,0.1872851,0.167035,0.1832669,0.1963976,0.353945,0.1909715,0.344106,0.2222009,0.1663521,0.1568027,0.1965681,0.2253953,0.2371357,0.2110244,0.2098041,0.2322502,0.2234591,0.1785885,0.147404,0.1926982,0.3265706,0.2115072,0.2368434,0.1717132,0.1639184,0.249295,0.2137204,0.1685499,0.1362315,0.1290528,0.3527928,0.2255249,0.124913,0.2000853,0.1887578,0.1985401,0.2007773,0.3158277,0.1967487,0.246931,0.1816393,0.1854755,0.1977645,0.1294937,0.2274462,0.1775644,0.2078723,0.1572794,0.180764,0.2241888,0.1951024,0.2720748,0.2092322,0.1496381,0.1990894,0.2348016,0.1955437,0.2096167,0.1837298,0.1545279,0.2446888,0.2073296,0.1802338,0.2034781,0.2032257,0.3381951,0.180419,0.2217431,0.2526544,0.2943531,0.1915779,0.1717843,0.2568295,0.2074258,0.2433241,0.3289908,0.2270792,0.2698903,0.2132527,0.2290895,0.16329,0.2453476,0.2364875,0.2057379,0.1797174,0.1499772,0.1935194,0.1510291,0.3446589,0.1829775,0.2141287,0.2319725,0.2722922,0.1712163,0.1321949,0.2544656,0.1589435,0.1624504,0.2214281,0.1994876,0.2319512,0.1870649,0.2185999,0.1839612,0.2043633,0.2974471,0.1776495,0.253379,0.1712554,0.1699127,0.189745,0.2698111,0.3106696,0.2134614,0.2010014,0.2492128,0.1792319,0.1960747,0.2698765,0.2344154,0.1590169,0.1245511,0.2436786,0.2159235,0.2020574,0.1844025,0.1796602,0.1652154,0.2237089,0.2153116,0.1702257,0.2305588,0.2078581,0.2205719,0.202752,0.2109949,0.1462473,0.220046,0.2294175,0.3236762
56,56,0.2956339,0.1831075,0.2277809,0.274981,0.296389,0.1525238,0.1743858,0.1512205,0.1421024,0.1781479,0.1819158,0.2410489,0.1901175,0.322312,0.1985132,0.3138825,0.1863282,0.1250729,0.1719585,0.1882783,0.2356205,0.2258741,0.196611,0.2439093,0.272557,0.1987802,0.1822999,0.1532862,0.2037065,0.3096069,0.1727871,0.2405003,0.1774011,0.1528363,0.2373125,0.212415,0.1447919,0.1658053,0.1240788,0.3252165,0.2056597,0.1355946,0.2253318,0.1685732,0.1986037,0.2100702,0.3135492,0.1914336,0.2427468,0.1927628,0.1775265,0.2126565,0.1616748,0.2573986,0.1910308,0.2072851,0.1717692,0.1755857,0.2141298,0.1927278,0.2890045,0.2133776,0.1543543,0.1726708,0.2048482,0.1842233,0.2228455,0.1927418,0.1848604,0.2370071,0.2169908,0.1969055,0.3054537,0.1681905,0.3548124,0.2038285,0.2534521,0.1930355,0.2954528,0.211318,0.1939133,0.2402254,0.1900826,0.2561218,0.3029073,0.2551026,0.2595887,0.2281554,0.2314017,0.1420242,0.220986,0.2086057,0.1531737,0.1693444,0.1414775,0.1726913,0.1443975,0.3910492,0.245413,0.1893446,0.2157401,0.2705952,0.1572673,0.1641249,0.2309622,0.1663397,0.1719662,0.2302139,0.196405,0.2106968,0.1974417,0.2080966,0.2254779,0.2427031,0.3134881,0.1952305,0.2279855,0.1772247,0.1580092,0.1777339,0.2937446,0.315731,0.2196878,0.2268537,0.249589,0.1898725,0.1529255,0.2431208,0.1753983,0.1742803,0.123959,0.2066535,0.2246558,0.2010089,0.1797336,0.154626,0.1556026,0.2070007,0.2192462,0.136316,0.2367834,0.1999501,0.2118463,0.176198,0.2040981,0.1483192,0.2146713,0.2615487,0.3022198
57,57,0.3121074,0.2425229,0.2325355,0.2742191,0.2938443,0.1753661,0.1950632,0.1219954,0.1535334,0.174505,0.1962226,0.2262777,0.2159328,0.3567156,0.2409658,0.3266981,0.209506,0.1709501,0.1895337,0.1957687,0.276829,0.2609569,0.2157748,0.24707,0.2517634,0.2262068,0.1935089,0.1404897,0.2225623,0.3108078,0.2016887,0.2948757,0.1647381,0.164155,0.2318181,0.2265331,0.1712106,0.1367091,0.1346328,0.3177325,0.2260302,0.156388,0.2448144,0.2007456,0.2241516,0.210808,0.3228168,0.2127282,0.2570562,0.1987864,0.1761541,0.2480111,0.1363914,0.2583771,0.1981032,0.2003934,0.1629905,0.1657129,0.2055582,0.1733082,0.2909835,0.194069,0.1459261,0.16922,0.2171373,0.1837147,0.2439715,0.1846796,0.1806118,0.2073589,0.2718819,0.1825409,0.2699629,0.1986671,0.3562238,0.1923014,0.2789852,0.1842564,0.2821619,0.2144082,0.2237188,0.2296574,0.1649995,0.2544452,0.2827283,0.2525288,0.2699315,0.220364,0.1949892,0.1227115,0.2396306,0.2540197,0.1431341,0.1708219,0.1539264,0.1958418,0.1382834,0.4318661,0.2554649,0.1666984,0.2188635,0.2731791,0.1631104,0.1636874,0.2299679,0.1989634,0.1541332,0.2232982,0.1998349,0.2491084,0.1743513,0.1884681,0.2157107,0.1900779,0.2232485,0.2058271,0.2627175,0.1879274,0.1583573,0.1848336,0.2706493,0.3085552,0.2302889,0.2255601,0.2548714,0.2445386,0.1536083,0.2906566,0.172777,0.1289178,0.1459218,0.2172427,0.2148184,0.20929,0.2148673,0.1783367,0.1743653,0.2135746,0.2445255,0.1614034,0.2288804,0.2300963,0.2113286,0.1884117,0.1680117,0.1191477,0.2254552,0.2754223,0.3326492
58,58,0.31913,0.2461772,0.232345,0.2219801,0.2913508,0.1394367,0.1936566,0.1659447,0.1723028,0.1544314,0.1930375,0.2003437,0.1907382,0.3290277,0.3175522,0.3311537,0.2182807,0.1211691,0.2025329,0.1876152,0.2953623,0.2443808,0.1962199,0.2580734,0.2391819,0.1894143,0.2171554,0.149245,0.2300362,0.2926326,0.1619725,0.326751,0.1633885,0.1951194,0.2326553,0.2217869,0.1697084,0.1460086,0.1075851,0.3326347,0.1952961,0.14606,0.2078715,0.173553,0.1836595,0.2311984,0.3370932,0.2216109,0.2596222,0.1921523,0.1695006,0.2148649,0.171357,0.2800944,0.1971789,0.2050262,0.1732561,0.1813018,0.2356661,0.1983001,0.3086169,0.1964645,0.1318544,0.1779537,0.2358359,0.1837514,0.2294681,0.1914722,0.1621556,0.2338589,0.2364012,0.186962,0.2881817,0.1768751,0.3458008,0.1832096,0.2715933,0.1829861,0.2752221,0.2137087,0.208649,0.2321778,0.2061803,0.2576201,0.2714483,0.2636705,0.2695125,0.2314071,0.1500482,0.1678308,0.2518749,0.2149835,0.1394168,0.1605143,0.1375338,0.2050923,0.1510491,0.2922707,0.2611063,0.1803751,0.2301636,0.2818371,0.1515864,0.1510885,0.2357738,0.2258068,0.1839871,0.2316613,0.1858585,0.2377675,0.2035494,0.1907448,0.2178573,0.2181365,0.2262536,0.2064388,0.2407737,0.1796164,0.1634485,0.2736332,0.3073744,0.3079768,0.237497,0.2331947,0.2718108,0.1671377,0.1461965,0.2539128,0.1869723,0.1295979,0.1578114,0.2156984,0.1841905,0.2090132,0.1737598,0.1601137,0.1980826,0.1893574,0.1972339,0.1702105,0.258815,0.2210598,0.2260273,0.1507515,0.149925,0.10545,0.2292906,0.2125731,0.3175392
59,59,0.3281085,0.2145454,0.2260289,0.2346061,0.3445959,0.1307838,0.1921186,0.2096214,0.1639296,0.1647084,0.1858347,0.2478766,0.2061711,0.3230651,0.2780452,0.301538,0.1948377,0.1219631,0.2242689,0.1783648,0.2711618,0.1986545,0.2068266,0.2690784,0.2832355,0.2051526,0.2036364,0.1528628,0.2254399,0.2854548,0.1886024,0.3315547,0.1903288,0.1932835,0.2245062,0.2031595,0.143372,0.1728054,0.1227326,0.2943387,0.2143297,0.1190128,0.1988963,0.1713071,0.2496955,0.2244107,0.3295826,0.2410431,0.2344035,0.2134858,0.1544741,0.220082,0.1380499,0.2445944,0.1943377,0.2027576,0.162512,0.1850131,0.2180355,0.1985807,0.3029841,0.2093908,0.1800624,0.1748716,0.2047253,0.1715582,0.2537874,0.2101682,0.192835,0.2202421,0.2271944,0.2165,0.3015153,0.1706382,0.3175744,0.1873603,0.2768768,0.1699273,0.2819029,0.1970275,0.2642122,0.2471821,0.2095695,0.2570319,0.2475046,0.265205,0.2423661,0.19446,0.1697861,0.1612752,0.2872354,0.2451135,0.1596283,0.1925765,0.1660978,0.2152473,0.2175479,0.3370088,0.2514942,0.1826697,0.1884086,0.3075456,0.1538514,0.1721655,0.2445801,0.235041,0.2162346,0.24699,0.2011157,0.2181618,0.1655447,0.1960768,0.2292509,0.236534,0.2424695,0.2000681,0.1938646,0.204626,0.2510569,0.2888124,0.2808746,0.3224522,0.239215,0.2295435,0.2446758,0.1729655,0.1578813,0.2369566,0.2142733,0.1522405,0.1576556,0.2253551,0.197287,0.2048601,0.2069883,0.153569,0.2166798,0.1815982,0.2176267,0.1856303,0.2074191,0.208861,0.2168155,0.2110113,0.1708334,0.1355245,0.2054543,0.2458589,0.3130764
60,60,0.3313032,0.2190493,0.2261666,0.3075501,0.3164248,0.1563553,0.1637447,0.1558662,0.1688168,0.1939504,0.1880963,0.2440729,0.1904488,0.3533814,0.2802469,0.3005317,0.1845921,0.1498616,0.2162317,0.1921836,0.2375444,0.2353378,0.1954996,0.2460367,0.2906377,0.2101396,0.1987738,0.1701321,0.2042673,0.313482,0.2084268,0.3014545,0.1777489,0.1870187,0.2255601,0.2170805,0.1528103,0.1354818,0.1306943,0.3413618,0.227125,0.1483945,0.2227045,0.2189115,0.2588535,0.2005481,0.31861,0.2248514,0.2321848,0.2169337,0.1736896,0.2217282,0.1688806,0.2740839,0.197616,0.1864278,0.1523311,0.2049053,0.2078794,0.1688984,0.2739574,0.2250854,0.117607,0.1779542,0.2213676,0.1842881,0.2286998,0.1783055,0.1619106,0.2216355,0.2119455,0.1912954,0.3139021,0.1839201,0.3171108,0.1734849,0.2825121,0.2045826,0.2891207,0.2201674,0.2667713,0.2377379,0.2114331,0.2515478,0.2591529,0.2630619,0.2790104,0.2006532,0.1682748,0.1625122,0.2518609,0.2472795,0.1441837,0.1979201,0.1537123,0.2139801,0.163867,0.2926275,0.2545618,0.1737923,0.1950597,0.2849419,0.1618091,0.1900731,0.233493,0.2401298,0.225446,0.2263529,0.1939206,0.2104972,0.1968653,0.2104766,0.1779288,0.2254593,0.2194748,0.2023567,0.243634,0.1948057,0.1909454,0.2429761,0.2933234,0.3118435,0.2544842,0.2508411,0.2570698,0.1767972,0.1533092,0.3486004,0.1995487,0.1648061,0.1585702,0.228287,0.2025748,0.2392667,0.1682658,0.1904796,0.1887334,0.2075334,0.2046418,0.1556595,0.2005006,0.1996899,0.2356538,0.1941554,0.2127004,0.1535778,0.2103492,0.2068198,0.2822689
61,61,0.3431262,0.2025016,0.2085559,0.2725841,0.2871656,0.1486835,0.1867126,0.1235496,0.1631382,0.1832272,0.1691564,0.2593379,0.1828333,0.3513606,0.3134291,0.2671469,0.1681063,0.1640982,0.2417212,0.2041621,0.2202194,0.2605446,0.1894841,0.2128538,0.289883,0.195462,0.1850726,0.1581639,0.2066894,0.3274579,0.2377505,0.2809325,0.1648012,0.1986034,0.2193244,0.2292637,0.188249,0.1648485,0.1221351,0.3477931,0.2215226,0.1529925,0.2356272,0.1773419,0.2286022,0.2064804,0.3081474,0.2409306,0.2518763,0.2063837,0.1731348,0.2221886,0.1616156,0.2532947,0.1931908,0.1747787,0.1636429,0.1809799,0.2065556,0.1797249,0.2706935,0.2039178,0.1210878,0.2072652,0.2390412,0.1879341,0.2214592,0.1826672,0.1777015,0.2061301,0.1942578,0.1878718,0.3078493,0.2030162,0.2916757,0.1608689,0.2666198,0.2017476,0.2812699,0.2206261,0.2686827,0.287531,0.2020495,0.2335476,0.2825693,0.2665226,0.2530039,0.1955866,0.1451471,0.1480823,0.2608389,0.2070356,0.1386859,0.1674984,0.1521737,0.1817489,0.1483508,0.2828737,0.2571661,0.1669273,0.1983212,0.2583345,0.1730042,0.1804598,0.2469009,0.2434263,0.214461,0.2156318,0.1831193,0.1913164,0.2091768,0.2230318,0.1908429,0.2025662,0.2295446,0.2273389,0.2560804,0.1997163,0.263025,0.2246062,0.285916,0.3167441,0.2645846,0.2570958,0.3036424,0.1508906,0.1532384,0.2686808,0.2058388,0.1971412,0.1845243,0.2234674,0.2188393,0.2383293,0.1967072,0.160636,0.1799902,0.2009708,0.186382,0.1631149,0.1946555,0.1873808,0.234587,0.1733484,0.1895544,0.1350515,0.2036358,0.1941359,0.2942221
62,62,0.3418585,0.2339567,0.2049743,0.3392155,0.3117549,0.1264592,0.203702,0.1396462,0.1775703,0.1784015,0.1924227,0.3293784,0.2055562,0.3215623,0.2637933,0.2482039,0.150227,0.163045,0.1775883,0.1989812,0.2302017,0.2243116,0.1906623,0.2418961,0.2961345,0.2579066,0.1958334,0.1641584,0.2407683,0.3301404,0.2289036,0.3001792,0.1838676,0.1874148,0.2153263,0.2295548,0.1860451,0.1481427,0.1474309,0.3309134,0.2179053,0.1341942,0.2888994,0.1707848,0.1780865,0.2446415,0.3124194,0.2507818,0.2377073,0.2187148,0.180189,0.2612807,0.1637614,0.2449905,0.2060101,0.1986451,0.1811317,0.1811144,0.206703,0.1881656,0.2564335,0.1821095,0.1124958,0.2090476,0.2401405,0.173304,0.1910806,0.187649,0.1814956,0.1996862,0.221039,0.1637232,0.2743979,0.1587889,0.2966403,0.1979781,0.2656882,0.1890601,0.2705218,0.2210469,0.2727577,0.2583154,0.219165,0.2280752,0.2779346,0.2536301,0.2197151,0.1989257,0.1523398,0.187387,0.2208643,0.246419,0.1268341,0.1680264,0.1344727,0.1951905,0.1497195,0.3402056,0.2295831,0.1976178,0.1764277,0.2945685,0.1730858,0.1733445,0.2430533,0.213085,0.1925581,0.2228375,0.1924612,0.2380541,0.2505651,0.2285269,0.1949413,0.2402117,0.2041738,0.1852469,0.2455727,0.1702687,0.2343571,0.2115481,0.2590441,0.3142634,0.2580798,0.2955975,0.3039509,0.1773982,0.158196,0.2718984,0.2021022,0.1854493,0.213927,0.2194159,0.2073583,0.240669,0.1881983,0.1396467,0.1747961,0.2047346,0.2156872,0.1819321,0.2050729,0.2135346,0.2207213,0.1849382,0.1934605,0.1428312,0.2090714,0.221046,0.2931431
63,63,0.3306802,0.2254789,0.1970372,0.3199606,0.2948565,0.1492441,0.1759418,0.1642818,0.2537468,0.1975286,0.1830394,0.327866,0.1993727,0.3151169,0.319337,0.2869104,0.1244214,0.1197618,0.1975511,0.2061801,0.2095402,0.2436119,0.2002532,0.2312929,0.2909384,0.2126003,0.1790958,0.1728161,0.2213515,0.3032644,0.2023358,0.2921077,0.2297162,0.2189565,0.2177826,0.2514604,0.2321792,0.1245983,0.1442543,0.3294742,0.2271805,0.184028,0.2737151,0.1894877,0.2248718,0.2237681,0.3250284,0.2276155,0.2775193,0.2039393,0.1483358,0.2674844,0.1647978,0.2413969,0.1993868,0.2072699,0.1904957,0.2081989,0.2045023,0.186632,0.2944094,0.1890011,0.1739833,0.2346135,0.2544255,0.1760875,0.218372,0.1792566,0.163186,0.2130055,0.2425843,0.1952963,0.2563862,0.215549,0.2945946,0.1625143,0.2589616,0.1954106,0.2823859,0.2266561,0.2508996,0.305905,0.223628,0.2434943,0.297203,0.2631359,0.2840929,0.1852688,0.1444335,0.1964833,0.2622666,0.2472938,0.1302048,0.2255158,0.1357931,0.183768,0.1511145,0.2303126,0.2550753,0.2186325,0.2204364,0.2927222,0.1935101,0.1646821,0.3134366,0.2375081,0.2224812,0.2227039,0.2012645,0.2298072,0.1957412,0.1899131,0.1810546,0.2221316,0.2398034,0.237573,0.2192797,0.1696665,0.2264554,0.1989187,0.2689142,0.3202789,0.2487058,0.2597568,0.3007421,0.1902573,0.1561942,0.274581,0.157974,0.1936121,0.2080994,0.2252201,0.2407678,0.2219941,0.1690782,0.1608162,0.1729984,0.2311858,0.1973215,0.1698229,0.2586344,0.1875768,0.2513671,0.1696398,0.1803157,0.1755587,0.2083114,0.1883636,0.321752
64,64,0.3551138,0.2058652,0.1767975,0.3478145,0.2911904,0.1501343,0.2018796,0.1621869,0.1961523,0.161084,0.2033257,0.3322593,0.1883115,0.3484722,0.3323221,0.2982044,0.1578383,0.1246038,0.2397162,0.1582089,0.1900474,0.2798786,0.1993736,0.2280877,0.2936159,0.2125699,0.2290585,0.1658374,0.2221517,0.2938097,0.1940689,0.3161967,0.1887229,0.2133835,0.2468458,0.253822,0.2326046,0.1177649,0.1395841,0.3346317,0.2366235,0.1658251,0.2766273,0.1940371,0.1963869,0.2082727,0.326604,0.1906301,0.2873286,0.217597,0.1565719,0.2250827,0.1656389,0.2672096,0.2102351,0.2130434,0.1723537,0.1909432,0.2049797,0.1783523,0.276309,0.2070519,0.1512874,0.2004023,0.2490311,0.1868119,0.2378116,0.2048298,0.1780615,0.2712193,0.2388296,0.2023987,0.2381085,0.1699492,0.3067777,0.1734975,0.2626379,0.262636,0.264925,0.2130514,0.2399546,0.2622045,0.2340861,0.25306,0.2778736,0.2946699,0.2795546,0.1918192,0.1440277,0.1560193,0.2281747,0.2298608,0.1497447,0.2759374,0.1803335,0.208726,0.1792872,0.2200081,0.2471789,0.2044636,0.1941375,0.2866175,0.1654669,0.1600812,0.2725604,0.2330712,0.1592848,0.227411,0.1839067,0.2992482,0.1645011,0.2180872,0.2263872,0.218646,0.2351399,0.2275619,0.2485087,0.177611,0.2327586,0.2695323,0.2322758,0.3207858,0.3407004,0.2778599,0.3033625,0.2044528,0.1462308,0.2214007,0.1688873,0.1533961,0.1956871,0.2347514,0.2088912,0.2519841,0.1880034,0.169481,0.1964135,0.2049846,0.2442202,0.1766976,0.2832328,0.1976477,0.209483,0.1716373,0.164589,0.1526459,0.2065673,0.2545741,0.318735
65,65,0.3485582,0.2263212,0.2094601,0.3308605,0.2887246,0.1415025,0.1896675,0.1401061,0.1715458,0.1397804,0.2041402,0.3096398,0.2300865,0.2973938,0.283057,0.3033747,0.1922147,0.124774,0.2132003,0.1263182,0.2006704,0.3065591,0.1868135,0.2270498,0.2814716,0.2490139,0.2041177,0.1872495,0.2453935,0.3218781,0.2074133,0.3180445,0.2355986,0.2157958,0.232075,0.235027,0.2288509,0.1328533,0.1596307,0.3566379,0.2139711,0.186441,0.3091656,0.2280274,0.1663901,0.2295772,0.3204738,0.1851901,0.2306242,0.2192882,0.130641,0.2224803,0.1981717,0.2735136,0.1973265,0.218351,0.1715047,0.1965191,0.2200188,0.1828856,0.2639194,0.1984519,0.1594274,0.2164208,0.2977763,0.1626121,0.2351807,0.2084306,0.1804782,0.3078783,0.2181064,0.1556486,0.3374191,0.1738351,0.3279526,0.1823619,0.2653814,0.1946371,0.2875772,0.2221457,0.2567111,0.270281,0.2346569,0.2430611,0.2738257,0.2358831,0.2538775,0.1621895,0.2012192,0.1812888,0.2775965,0.2074628,0.1419645,0.3601867,0.2003378,0.1989439,0.1620942,0.2931125,0.2647426,0.1962145,0.2166762,0.2978393,0.1660667,0.1934056,0.2910688,0.2208746,0.1718501,0.2345086,0.1701457,0.2768548,0.1809651,0.1817166,0.1990867,0.2435239,0.2340935,0.2129006,0.2785788,0.1856613,0.2473275,0.2014293,0.2520959,0.2945853,0.2983418,0.2291474,0.3041135,0.1692691,0.1630401,0.2436106,0.1818146,0.2112885,0.2229235,0.2071314,0.1865394,0.2782658,0.1856732,0.1562101,0.1828551,0.1910494,0.2596834,0.1727163,0.2910326,0.2126333,0.2278257,0.1306262,0.1709304,0.1505022,0.1969374,0.2507076,0.2920138
66,66,0.3169477,0.2059645,0.2096121,0.3000124,0.252099,0.1347029,0.1971543,0.1252218,0.1571967,0.1560938,0.1954348,0.3168686,0.2530345,0.3057763,0.2920479,0.3038445,0.1525037,0.1415922,0.1826209,0.1705407,0.225145,0.2872669,0.1848693,0.2128491,0.2789815,0.2296521,0.2237567,0.1941748,0.225556,0.3095068,0.2211743,0.3132401,0.2024939,0.1993587,0.2013497,0.2538952,0.2400889,0.1599508,0.1541051,0.3431423,0.2185659,0.1543682,0.3281195,0.1751446,0.1584683,0.2206585,0.2975763,0.1603273,0.3037168,0.2626299,0.1422326,0.2395759,0.1704828,0.2719727,0.1912038,0.1981908,0.1551125,0.2006316,0.2372661,0.181454,0.2783485,0.194068,0.1561818,0.228234,0.2824793,0.1803408,0.2235836,0.1914118,0.1892587,0.273804,0.2216276,0.145076,0.3241879,0.2011798,0.342517,0.184006,0.254604,0.21022,0.2716511,0.2060299,0.2656093,0.2543966,0.2197944,0.2563243,0.2711178,0.2475414,0.2176797,0.1640276,0.2029631,0.1480885,0.2890408,0.2048364,0.1559058,0.3039058,0.1638678,0.2157808,0.1702711,0.2496724,0.2612457,0.2010859,0.1884917,0.2707597,0.1580562,0.1731949,0.2366093,0.2116905,0.1766888,0.2164773,0.1700776,0.3004902,0.1940895,0.1850834,0.2107112,0.2012563,0.3095872,0.2128279,0.2632179,0.188981,0.2378152,0.2141229,0.2647119,0.3149545,0.3139223,0.3357269,0.3270011,0.1462162,0.1561624,0.2688361,0.1891689,0.1802844,0.1995868,0.2210124,0.1900427,0.2243815,0.1806076,0.1633881,0.202477,0.2188145,0.2061377,0.1382228,0.2867119,0.2189094,0.2166113,0.134638,0.1965212,0.1649069,0.2140827,0.257649,0.298746
67,67,0.3138638,0.2195124,0.2007562,0.3109152,0.2919453,0.1549301,0.2148295,0.1606453,0.1873258,0.197728,0.1832912,0.3475699,0.1911896,0.3148566,0.3035201,0.2988669,0.1525403,0.1510994,0.1711476,0.1715319,0.2453843,0.2995031,0.1673425,0.1896525,0.2691674,0.2322393,0.2370465,0.1838064,0.2274309,0.2914181,0.203301,0.2982021,0.2095166,0.2093365,0.2158539,0.2375954,0.2149319,0.1478909,0.1545572,0.3126782,0.1954983,0.1717521,0.2827975,0.1750618,0.1787207,0.2292461,0.331544,0.1867153,0.2796268,0.2486258,0.1416576,0.2113216,0.156218,0.2881175,0.1976596,0.1849278,0.1798394,0.2110599,0.2003761,0.1833373,0.3046757,0.2178901,0.1664511,0.2026455,0.2748021,0.1804976,0.2456385,0.1981158,0.1502331,0.2719944,0.2496351,0.1566447,0.2643968,0.1793448,0.3090217,0.1962654,0.2668399,0.2290912,0.2979297,0.2087031,0.271199,0.2334952,0.2096788,0.2525925,0.2272306,0.2491724,0.2182044,0.2232781,0.1795737,0.1741381,0.3448092,0.230735,0.1421892,0.3251672,0.1764558,0.2350765,0.1547274,0.2953227,0.2772402,0.2401396,0.178897,0.2617465,0.1750241,0.1560262,0.2251274,0.2025373,0.1627329,0.229671,0.1608725,0.319688,0.1884091,0.1857492,0.2413106,0.2239794,0.2861993,0.2102393,0.2383648,0.190392,0.2274535,0.2132767,0.2818996,0.3459292,0.2952318,0.2683517,0.3002543,0.1517465,0.1665981,0.2350073,0.1847646,0.1737204,0.21504,0.2491507,0.1898637,0.2413407,0.1807371,0.1420048,0.1815171,0.2051799,0.2058725,0.1874205,0.2911893,0.1964931,0.2196241,0.1333585,0.2124266,0.1576942,0.2061535,0.2397917,0.3017721
68,68,0.3095698,0.2161289,0.1807231,0.3251673,0.2693658,0.1354662,0.1903363,0.1251289,0.1941517,0.1363007,0.1932794,0.318173,0.190593,0.3260026,0.3580112,0.2815274,0.1636529,0.1577005,0.1812325,0.171115,0.2591035,0.3039152,0.1937274,0.2159493,0.2554877,0.2694548,0.2088555,0.1927345,0.216633,0.2847392,0.1925394,0.340808,0.1596313,0.1975672,0.2701646,0.212422,0.1926299,0.1531928,0.1559213,0.3768475,0.2354597,0.1686014,0.3097392,0.19759,0.2372044,0.2594647,0.3226203,0.1433405,0.2458133,0.2224759,0.1219584,0.2055604,0.1583026,0.2663004,0.2053549,0.174499,0.150552,0.206955,0.2487626,0.1755706,0.3167618,0.2383067,0.1593285,0.1961087,0.2775749,0.1847786,0.2328979,0.197307,0.1974713,0.3090059,0.2560112,0.199678,0.3585023,0.2128334,0.2997731,0.1627164,0.263173,0.2850821,0.3003339,0.2268113,0.2810291,0.2418333,0.2283445,0.2453038,0.1958492,0.2554674,0.2475289,0.2460242,0.1541898,0.2199879,0.3457679,0.233347,0.1364845,0.3615253,0.1725635,0.202053,0.1432838,0.2599587,0.2572898,0.1880063,0.2050699,0.2925201,0.1555908,0.1738531,0.2546387,0.1962322,0.1671845,0.2354946,0.2050013,0.2538932,0.1922443,0.2080904,0.2336096,0.2238691,0.2699851,0.2123979,0.2396586,0.1859854,0.1985796,0.2009022,0.2880743,0.377874,0.2850047,0.2669568,0.3712006,0.1659361,0.1768378,0.2504206,0.1778118,0.1703872,0.1962546,0.253086,0.1833699,0.2249558,0.2133835,0.1475544,0.1946741,0.1940065,0.1943698,0.1718135,0.2808147,0.2235052,0.2337315,0.1558775,0.185945,0.1115081,0.2546929,0.2731511,0.2936113
69,69,0.3315304,0.2290204,0.2156414,0.3145394,0.2544357,0.1580491,0.1990364,0.1318661,0.2005185,0.1328124,0.2289968,0.3079787,0.2003914,0.334968,0.4310868,0.3032428,0.1900302,0.1307649,0.1733389,0.1660727,0.260767,0.3391972,0.1959347,0.2264386,0.2664799,0.242953,0.2265047,0.1999606,0.2310967,0.2984009,0.1891866,0.318377,0.1836141,0.1845633,0.2618183,0.2222152,0.2029593,0.1445129,0.1506699,0.3384633,0.2045597,0.1783127,0.2581036,0.1956533,0.2666571,0.2383716,0.3193003,0.1686927,0.2668352,0.2492331,0.1114435,0.21928,0.1814038,0.2610903,0.1573003,0.1668857,0.1926033,0.2156184,0.2896802,0.182746,0.3473561,0.1866464,0.1732162,0.2247028,0.2806918,0.1748773,0.2328461,0.1971877,0.1830658,0.3175722,0.2303698,0.1839525,0.2587891,0.2138665,0.2955912,0.1465354,0.2660627,0.2260033,0.2793278,0.199456,0.2880578,0.2757215,0.2469509,0.2471427,0.2145236,0.2810199,0.1946359,0.2194424,0.1745732,0.1754478,0.3384327,0.2195045,0.1702273,0.4038723,0.158351,0.2115661,0.1562701,0.2430748,0.2467128,0.2194638,0.2039454,0.2263969,0.1720075,0.1521458,0.2725288,0.1994057,0.18981,0.2161971,0.198892,0.299919,0.1709365,0.1891641,0.2355643,0.2317313,0.2977678,0.2216246,0.2508117,0.1901298,0.1950405,0.2147438,0.2924137,0.3717008,0.2801397,0.2475862,0.3203468,0.1800566,0.1421817,0.2319855,0.1924223,0.1807,0.1918254,0.2219198,0.2015847,0.2178693,0.2151378,0.1919227,0.1677068,0.2271519,0.2057723,0.1500948,0.2911067,0.2194786,0.2772827,0.1489722,0.2020794,0.1250416,0.245396,0.2670638,0.3057517
70,70,0.3253091,0.1909819,0.1927978,0.3083688,0.3085384,0.1512421,0.2103532,0.117544,0.1671068,0.1989186,0.1691208,0.3704752,0.2478379,0.3009429,0.3437292,0.3074351,0.1788579,0.1865933,0.1665774,0.1688157,0.2478907,0.3290444,0.2177668,0.2226985,0.2599791,0.253599,0.2118711,0.2099182,0.2353414,0.3298867,0.1795225,0.3270448,0.1541762,0.1954583,0.240029,0.2202797,0.1991189,0.1420764,0.1645068,0.2979529,0.2074764,0.1804029,0.2290767,0.218982,0.2691012,0.2154216,0.3065639,0.1510631,0.2796783,0.2403542,0.1283,0.2088717,0.1657723,0.2520333,0.1950113,0.1747472,0.177247,0.2210868,0.3035169,0.1851844,0.3459347,0.2103046,0.1263928,0.2198858,0.2893478,0.1685874,0.2652032,0.1823468,0.2421493,0.293864,0.1847877,0.184174,0.2559787,0.1951859,0.3084064,0.1547092,0.2568001,0.2063671,0.2787236,0.2058705,0.2795288,0.295074,0.2300525,0.2579829,0.1917791,0.2653441,0.2474052,0.1773437,0.1833777,0.2220442,0.3497341,0.1989896,0.1589531,0.3859491,0.1597863,0.2524931,0.1565614,0.3808587,0.272977,0.2316856,0.1786181,0.2579638,0.1603624,0.1541103,0.2358909,0.2328134,0.1837879,0.226296,0.1973549,0.2453763,0.2150257,0.1788741,0.2298308,0.2496952,0.28659,0.1955815,0.2262974,0.1887566,0.1879832,0.2146206,0.2653553,0.374165,0.2754268,0.2460668,0.2597328,0.213251,0.1551082,0.2586679,0.1904155,0.1764825,0.2010898,0.2512681,0.1937282,0.1947936,0.2095992,0.1721731,0.1800879,0.2030911,0.200117,0.1588676,0.2854113,0.2192601,0.2360423,0.1645687,0.1981837,0.1351065,0.2063594,0.2152552,0.3082559
71,71,0.3039565,0.2070604,0.2079909,0.3397077,0.2616875,0.1324004,0.1935056,0.1528826,0.1730999,0.2206787,0.2109578,0.3769294,0.2181118,0.3059947,0.2770066,0.297676,0.1438658,0.1518308,0.161941,0.1592678,0.2492257,0.3088744,0.1893621,0.2336152,0.2758106,0.2361141,0.2354576,0.175925,0.2488158,0.3137348,0.1954727,0.3386465,0.1658604,0.2026962,0.2574808,0.2192375,0.2424631,0.1573531,0.1650084,0.2828918,0.1943852,0.1551487,0.2649478,0.2250917,0.1955376,0.2168039,0.3218129,0.2052443,0.2924343,0.2119458,0.1043171,0.2245837,0.1389197,0.2330001,0.2039327,0.1889797,0.179925,0.2209562,0.3078511,0.2269013,0.3309882,0.2882116,0.2013522,0.2134771,0.3005241,0.1775518,0.2691894,0.2024482,0.2327135,0.2597046,0.1839995,0.1756889,0.2666755,0.2043779,0.2869108,0.1524612,0.2563404,0.2168747,0.3027449,0.2129135,0.2678742,0.3091484,0.2288816,0.2587051,0.2135303,0.2584912,0.2691083,0.2112524,0.1649355,0.1733283,0.3122657,0.1915447,0.1369491,0.1811495,0.2031419,0.2023287,0.1845858,0.3489112,0.2550642,0.2210515,0.1948795,0.2599142,0.164274,0.1621625,0.2289608,0.2258066,0.1972764,0.2201484,0.202178,0.2228887,0.1858386,0.1918622,0.2231893,0.2225639,0.260838,0.2049744,0.2051597,0.1918059,0.2183474,0.2532278,0.3027365,0.3627332,0.3169765,0.2584523,0.2793364,0.1918667,0.1770363,0.2528478,0.2337938,0.2145273,0.1811226,0.2356511,0.205252,0.1896577,0.2210899,0.1796298,0.196409,0.2486924,0.2085629,0.1829162,0.2572467,0.2435191,0.287741,0.1580221,0.1870913,0.1234739,0.2369983,0.2293954,0.3021848
72,72,0.3137848,0.2526641,0.213352,0.3511355,0.2740091,0.130053,0.2052907,0.1743667,0.1782221,0.290881,0.2148033,0.3764259,0.1962447,0.3333754,0.3436283,0.3158433,0.2335217,0.1335714,0.1681198,0.1663996,0.2509669,0.335236,0.1914122,0.2274352,0.3026777,0.2682729,0.2046385,0.1966144,0.2281872,0.3485548,0.183907,0.2967753,0.1779529,0.229089,0.2491765,0.2121347,0.179859,0.1535333,0.1706211,0.2622316,0.2025987,0.1549909,0.2283589,0.1788767,0.2183515,0.2186146,0.325792,0.252589,0.2717638,0.1941385,0.1331629,0.2341437,0.1606897,0.240449,0.203426,0.1985117,0.2015139,0.2132544,0.2952459,0.2387355,0.3652244,0.2211463,0.1724266,0.206038,0.2627261,0.1861844,0.2376577,0.1990223,0.2052568,0.2719994,0.2129486,0.1781222,0.2003244,0.1906991,0.3035786,0.1784086,0.2351178,0.1935871,0.3016214,0.2194885,0.269409,0.2650318,0.233488,0.25365,0.1981396,0.2649749,0.2675442,0.2903907,0.1687138,0.1495249,0.3432143,0.190732,0.1462192,0.2224565,0.1737664,0.193077,0.1543055,0.3154979,0.274075,0.2205168,0.2167782,0.2577603,0.1669165,0.1673277,0.2545989,0.2435462,0.2241177,0.236412,0.177066,0.2149845,0.1993318,0.2116785,0.2641529,0.2037587,0.248151,0.2113338,0.2185042,0.2048489,0.2365198,0.2115727,0.2982164,0.365463,0.2845371,0.2815207,0.2736676,0.1884606,0.1637175,0.2321322,0.2020255,0.2189094,0.1694923,0.2407077,0.2459205,0.1962543,0.2110203,0.1724783,0.1784579,0.2322319,0.2102747,0.1299911,0.2963081,0.2139245,0.2983562,0.1547296,0.2073509,0.1287259,0.2173468,0.2000119,0.3151365
73,73,0.3113208,0.2256287,0.1687704,0.3216799,0.2401761,0.1503648,0.1885889,0.1441538,0.1630889,0.1978849,0.1648636,0.3670109,0.1845296,0.3184723,0.3442439,0.291726,0.2343027,0.1706996,0.1650123,0.1691693,0.3187529,0.3124232,0.1949237,0.2472288,0.2746319,0.3072246,0.2370565,0.1779562,0.2424303,0.3147882,0.1866187,0.2903617,0.1702907,0.2218306,0.2794694,0.2110458,0.2087021,0.1275227,0.1427803,0.3100124,0.2162304,0.1567235,0.264235,0.1604113,0.1998416,0.2211763,0.3354686,0.2415628,0.2616853,0.1949961,0.1256434,0.2155569,0.161522,0.2278402,0.2102077,0.1860447,0.1974154,0.1974926,0.2619466,0.2319895,0.3465936,0.2211277,0.182362,0.2430834,0.2630219,0.1846095,0.2487684,0.1809017,0.2063799,0.2612667,0.1662276,0.2026991,0.2351242,0.1765236,0.307238,0.1688798,0.2767019,0.2327231,0.2819239,0.2045867,0.2751215,0.2520503,0.2382264,0.2704375,0.2423711,0.2618484,0.2039123,0.262285,0.204874,0.1780669,0.3630984,0.2264918,0.1537305,0.2158138,0.1904925,0.2104602,0.1629116,0.3100002,0.2539858,0.2034316,0.236064,0.2570834,0.1717047,0.1523899,0.228002,0.2040919,0.2130056,0.2325799,0.2012064,0.2325924,0.2098976,0.1904681,0.3124819,0.2674524,0.2156277,0.2042276,0.2393293,0.1958239,0.215341,0.2059233,0.2818938,0.3600852,0.3120958,0.2449016,0.2873914,0.1948583,0.1722012,0.2062211,0.1621466,0.1629395,0.1874362,0.2395234,0.2571199,0.1797636,0.2103342,0.1662129,0.1525286,0.2177634,0.2032631,0.1580524,0.2681253,0.2364523,0.3345687,0.1728787,0.1973527,0.1277415,0.2115139,0.2247737,0.3125505
74,74,0.3111763,0.2406525,0.2009037,0.3097898,0.2409799,0.1293283,0.2107878,0.1489474,0.1867353,0.210337,0.1844002,0.3953702,0.2651844,0.3228717,0.3106976,0.2994896,0.2277379,0.180386,0.1731613,0.1664554,0.2950588,0.321195,0.1908136,0.2467126,0.288466,0.2497732,0.2237708,0.1706612,0.2558928,0.3317227,0.1899053,0.268587,0.1680927,0.2037627,0.2704047,0.2110481,0.2007263,0.1376296,0.1625278,0.3205891,0.1963239,0.1771853,0.2439854,0.1918794,0.2226744,0.1847385,0.3111196,0.2997561,0.2585538,0.2331412,0.110242,0.2072441,0.173362,0.2490547,0.2108644,0.1952483,0.1615436,0.2043544,0.2762762,0.2392839,0.3138261,0.2213234,0.2228695,0.1994288,0.2994762,0.2009965,0.2353806,0.1932378,0.1947627,0.2705562,0.2265186,0.1992276,0.2463377,0.1868621,0.3052222,0.1798369,0.2731218,0.1997043,0.2843308,0.291445,0.2757917,0.2465638,0.2293541,0.2539617,0.208654,0.3139579,0.1939778,0.2605087,0.1649427,0.1895364,0.3328772,0.2052324,0.1682412,0.2061455,0.165025,0.2127069,0.1706102,0.2823007,0.2744876,0.1999896,0.2349054,0.2757855,0.1766335,0.1785163,0.2485854,0.2322039,0.2186373,0.1481488,0.1825835,0.2378141,0.2176272,0.1990911,0.2893425,0.2239884,0.2115789,0.2029091,0.2620514,0.2213146,0.2448982,0.1686224,0.2705154,0.3641176,0.3176532,0.2665544,0.2588594,0.1973511,0.1643533,0.2344863,0.1928701,0.18381,0.1717488,0.2423991,0.2801297,0.1699293,0.229052,0.180238,0.202248,0.2240908,0.2116321,0.1510395,0.2203652,0.2241107,0.3422276,0.1593317,0.1490568,0.129787,0.1951509,0.1924579,0.2986512
75,75,0.3229707,0.2108926,0.1727128,0.3176046,0.3005773,0.1505494,0.1903846,0.1281766,0.1666233,0.2476428,0.1667866,0.4008694,0.2603078,0.3267172,0.3040919,0.2903098,0.1843214,0.1960207,0.2194687,0.1854503,0.312267,0.3235884,0.2004345,0.2541523,0.2791772,0.2522848,0.1922894,0.1680852,0.2480593,0.3146184,0.162581,0.2609474,0.1805238,0.1925638,0.2720289,0.223736,0.1965805,0.1624492,0.1648005,0.3283942,0.1961315,0.1691354,0.3060854,0.2007413,0.1874264,0.1825277,0.305922,0.2498167,0.2918913,0.2051485,0.1211542,0.2154388,0.1581091,0.2659429,0.2159161,0.1903675,0.1929796,0.1978064,0.3415501,0.2690817,0.2981513,0.2255218,0.2255455,0.2103308,0.2925703,0.1890012,0.2373618,0.2000616,0.2310936,0.2676876,0.2157156,0.1818967,0.2558858,0.2200987,0.3015938,0.2066137,0.3064302,0.2314946,0.2917814,0.2085528,0.2793325,0.2578852,0.2315842,0.2625785,0.2275514,0.2847738,0.2039708,0.3141612,0.1746963,0.2335157,0.3426753,0.2110512,0.1410687,0.2344734,0.1509129,0.2158014,0.1865417,0.3224285,0.2698155,0.1776674,0.2279069,0.2866182,0.167278,0.1548124,0.2408174,0.2157186,0.2105169,0.1849202,0.1694403,0.2050692,0.1986716,0.2267548,0.2912062,0.2062213,0.2194159,0.1876183,0.3190172,0.1696671,0.2131827,0.2296062,0.2821408,0.2920933,0.2778999,0.2311817,0.2787962,0.1770574,0.1613979,0.2292902,0.2039505,0.1649974,0.2162952,0.2426245,0.2763034,0.1905642,0.2362102,0.1764278,0.2039345,0.2369305,0.232532,0.1630922,0.2334676,0.2459784,0.3494205,0.1305538,0.1712276,0.1362142,0.2140796,0.1889617,0.2964343
76,76,0.3287232,0.191548,0.1494255,0.3196099,0.2922423,0.2082849,0.2319717,0.1749209,0.1796661,0.302126,0.1604708,0.3980749,0.2313853,0.3379433,0.3210432,0.2998822,0.157824,0.1788336,0.206491,0.1847558,0.2838932,0.3274262,0.2054436,0.2280438,0.2963181,0.2902328,0.2173474,0.2043077,0.2183994,0.3083045,0.1840214,0.3188685,0.1728795,0.1902113,0.2326274,0.21628,0.2351716,0.1461568,0.1752035,0.3146253,0.2047671,0.1839006,0.3039346,0.1819148,0.2467152,0.1855559,0.290442,0.3045712,0.2580489,0.2418357,0.1375854,0.2075931,0.1496517,0.2302515,0.2286655,0.2024975,0.1807975,0.1981599,0.3263637,0.2281891,0.3133173,0.2450542,0.1917193,0.1963028,0.3351408,0.2007525,0.2267105,0.1973151,0.2222758,0.3148356,0.2018994,0.2021962,0.250675,0.2008127,0.3400272,0.1792329,0.2549132,0.1913252,0.2820441,0.2255168,0.2766835,0.245606,0.2310638,0.2506375,0.2341769,0.310149,0.19238,0.2427796,0.1609925,0.2443457,0.3459522,0.2077423,0.1577395,0.1990406,0.1880663,0.2367413,0.1781142,0.2977665,0.2621588,0.2241229,0.2152334,0.2543302,0.1925026,0.1622858,0.2290749,0.2162864,0.229979,0.1649502,0.1561449,0.2143782,0.2009655,0.2003838,0.2874868,0.2233682,0.2325101,0.2145782,0.2428454,0.1927826,0.2135155,0.1850668,0.2714027,0.2680951,0.2872861,0.2523712,0.2884154,0.1673673,0.2001455,0.2774687,0.2186355,0.1684112,0.2693913,0.2291918,0.2790995,0.1943037,0.2332728,0.206881,0.1874425,0.2034323,0.190033,0.1913076,0.3186685,0.2224506,0.3319755,0.1158272,0.142702,0.1482312,0.1775924,0.2025971,0.2911769
77,77,0.3085712,0.1997009,0.1693932,0.3071319,0.3100291,0.2069092,0.2174222,0.1815673,0.1745449,0.2814917,0.1614197,0.4053582,0.2062722,0.3314063,0.3151393,0.3126419,0.1943678,0.1878987,0.2391066,0.1863355,0.2831825,0.301502,0.2017605,0.2246439,0.293411,0.2875988,0.2010896,0.1516953,0.2225828,0.2930494,0.1842003,0.2303848,0.1790011,0.1906784,0.2351341,0.2224838,0.2551051,0.1502008,0.1696093,0.3306685,0.2088923,0.1840725,0.2765584,0.192016,0.1679176,0.1691751,0.2791036,0.2576239,0.2642248,0.2477181,0.2055133,0.1633584,0.1476917,0.2585028,0.1976051,0.1975903,0.217905,0.2192605,0.3387188,0.2270442,0.3549971,0.2290385,0.1857219,0.1979547,0.3081806,0.2053118,0.2421152,0.2101276,0.2312599,0.2765925,0.1702209,0.1907361,0.2463964,0.1852416,0.3675499,0.197327,0.2415442,0.1926538,0.2890154,0.1890379,0.2765228,0.2341333,0.2442817,0.2553583,0.2336293,0.2873763,0.1783187,0.3424143,0.1783001,0.2538001,0.3203445,0.2059175,0.154476,0.2704753,0.1911761,0.2263355,0.1700769,0.2790892,0.2405368,0.2016758,0.2078067,0.2895741,0.1992876,0.1661424,0.225054,0.200204,0.2881489,0.1949124,0.185471,0.1974263,0.1967375,0.2020001,0.2979977,0.1895863,0.2195795,0.2054227,0.2676091,0.2009804,0.2120056,0.2229573,0.2428494,0.2638396,0.3086363,0.2172631,0.2682867,0.1705937,0.1730306,0.2463627,0.2740289,0.1682591,0.2431633,0.2765377,0.2334948,0.2040713,0.2109115,0.1610402,0.1871106,0.1946461,0.1865914,0.1719693,0.2891723,0.2087355,0.3499439,0.1351103,0.1644477,0.1099321,0.2157484,0.2059658,0.3010804
78,78,0.3229469,0.2023093,0.1581383,0.3024695,0.2619086,0.1410278,0.2255291,0.1362752,0.1635209,0.2613989,0.151944,0.3955908,0.2283101,0.3265549,0.3159566,0.3003521,0.1794608,0.1358146,0.2221486,0.1874615,0.2527242,0.2645893,0.2021243,0.2552622,0.2677591,0.2663513,0.2121875,0.1617865,0.2605795,0.2845074,0.1813586,0.2787243,0.1650672,0.1955616,0.2889153,0.230434,0.2391627,0.1702951,0.1658671,0.3814231,0.1983001,0.1931888,0.2937034,0.1904639,0.1749913,0.2070429,0.2865463,0.2777562,0.2644447,0.2409849,0.1379274,0.1918921,0.2612095,0.2299211,0.1939167,0.194995,0.2010249,0.2020511,0.3282914,0.2149965,0.3478808,0.2464774,0.1967133,0.1806889,0.2883067,0.2148554,0.2475563,0.1938024,0.2541319,0.2570974,0.2491613,0.1720853,0.2504964,0.1790553,0.3459197,0.1996024,0.234632,0.1605024,0.2776111,0.2088469,0.2732335,0.2457088,0.243217,0.2366405,0.2909461,0.2942122,0.1818347,0.2692258,0.1906498,0.2696761,0.3182226,0.2017255,0.1397732,0.2998056,0.1716662,0.2285203,0.1435318,0.2976702,0.2370004,0.1738967,0.2027008,0.3171806,0.2076811,0.170797,0.2555591,0.2507865,0.2276651,0.1857553,0.1758298,0.1891651,0.210502,0.2064685,0.2530927,0.1986499,0.244552,0.2043569,0.2652065,0.1743917,0.2073094,0.232158,0.2619392,0.2624728,0.3052201,0.1809879,0.2730904,0.1551038,0.1653314,0.2986485,0.2803203,0.1531729,0.251434,0.2711398,0.2159189,0.2012013,0.216778,0.1715517,0.1621577,0.2006058,0.201155,0.1606418,0.2952751,0.2313812,0.3479095,0.1420434,0.1489248,0.1402204,0.1944594,0.2311757,0.3006395
79,79,0.314824,0.2138208,0.1591799,0.2975511,0.315544,0.1930135,0.2077935,0.1847,0.1636637,0.2446058,0.146976,0.4167649,0.2299355,0.327381,0.3814225,0.3186976,0.1601348,0.196497,0.1855185,0.2004427,0.2521597,0.2500352,0.2124756,0.274595,0.3016534,0.2760562,0.2148725,0.1655445,0.2620934,0.302379,0.1865973,0.2944304,0.1760459,0.2050057,0.3173449,0.2290019,0.1780721,0.1613815,0.1784725,0.3172946,0.1749207,0.1565525,0.3163098,0.1866752,0.1665295,0.1891003,0.3063761,0.3616517,0.2722275,0.2187327,0.1518223,0.1995155,0.1534027,0.2379765,0.1856727,0.1674466,0.1921029,0.2261446,0.2844235,0.1870154,0.3728182,0.230585,0.1801762,0.1909693,0.3065563,0.2293188,0.2075481,0.1989917,0.2588924,0.2642968,0.1892569,0.13801,0.2734343,0.1776362,0.3300969,0.2341012,0.2397745,0.1773558,0.2893861,0.2174744,0.2711231,0.2234252,0.2431278,0.2590977,0.3147957,0.3264341,0.1570489,0.3286497,0.1738444,0.2305302,0.3129274,0.2122878,0.1598657,0.2666587,0.1643657,0.2070485,0.1428011,0.3473051,0.2454762,0.1736637,0.2411034,0.3107449,0.1990278,0.1592803,0.2360937,0.2256898,0.2305125,0.1637189,0.1675987,0.2553405,0.2374186,0.1989974,0.2807353,0.2136412,0.2701398,0.1815874,0.2714826,0.1641697,0.2083873,0.2132546,0.2689382,0.2844917,0.236494,0.2039711,0.2833771,0.1460493,0.142659,0.3206737,0.231418,0.1748797,0.2478242,0.2764873,0.2275038,0.2293356,0.1965875,0.1589652,0.1701338,0.2053033,0.2472422,0.2013136,0.2875316,0.1916651,0.3488576,0.1669059,0.1372988,0.1320475,0.214414,0.2193315,0.3080715
80,80,0.323794,0.2113248,0.1661962,0.3217894,0.2606516,0.1857904,0.2122702,0.1493195,0.1595142,0.2539034,0.1460386,0.4204656,0.2373721,0.3444221,0.3887299,0.3230025,0.1493581,0.1791688,0.1988837,0.1962729,0.2722,0.2557062,0.2085895,0.2507673,0.2861024,0.2533835,0.1975596,0.1510324,0.2640558,0.283782,0.1912231,0.3013996,0.1637311,0.2020512,0.3016425,0.248123,0.2343308,0.2182163,0.1900145,0.2959701,0.2185101,0.2243904,0.2840445,0.1863839,0.1620096,0.2129705,0.3250566,0.3134864,0.2620806,0.2282691,0.1270809,0.2014995,0.1236563,0.2231681,0.1904152,0.1941396,0.163425,0.2171267,0.3270428,0.1862711,0.3573164,0.2433708,0.1737561,0.2029047,0.2871065,0.1911375,0.2326587,0.1927756,0.2400886,0.2086506,0.1996086,0.1757197,0.2616769,0.1664735,0.3287477,0.1896771,0.2320661,0.1767568,0.2762068,0.2009802,0.2666737,0.2693344,0.2704249,0.2478965,0.2319847,0.3177269,0.1782322,0.3212284,0.1574994,0.1754521,0.2971013,0.2294003,0.1709707,0.257215,0.1876247,0.2032367,0.1569509,0.2987576,0.2536598,0.1707814,0.2073317,0.2507475,0.2015094,0.1693822,0.2214372,0.2045497,0.2301467,0.1865292,0.170901,0.2474963,0.2071579,0.2203953,0.2428375,0.2004984,0.2318767,0.1900156,0.260808,0.1929719,0.2186837,0.241694,0.2438063,0.2810626,0.2392367,0.2442126,0.2660845,0.1741785,0.1549841,0.2913948,0.2348439,0.199823,0.2397301,0.2867982,0.2610992,0.2427375,0.2093512,0.1701228,0.1651493,0.2262857,0.183041,0.1918141,0.3003027,0.1990895,0.3198466,0.1498868,0.1458121,0.1169543,0.2228391,0.2588342,0.2930173
81,81,0.3092846,0.1954188,0.1622781,0.3221547,0.3104673,0.1911795,0.2113478,0.1339501,0.1650468,0.2260109,0.1482694,0.4166377,0.2431197,0.3058444,0.3845658,0.3041001,0.1637891,0.1703681,0.1890616,0.2025281,0.2447773,0.241299,0.2153224,0.2639898,0.260103,0.2789226,0.2027762,0.1628128,0.2626899,0.291411,0.1845834,0.3148232,0.1431524,0.2020895,0.2582061,0.2774077,0.2360199,0.2229247,0.185939,0.29708,0.1817837,0.1999604,0.3011721,0.2084779,0.2316684,0.1917496,0.3329398,0.2613965,0.2616587,0.2252476,0.1129429,0.1897308,0.1849274,0.2156759,0.229396,0.1876421,0.1899762,0.2154132,0.3507828,0.2210237,0.345921,0.2278198,0.1710627,0.1886374,0.2661301,0.1990023,0.2439674,0.1916416,0.2354662,0.2354605,0.22368,0.1607247,0.2774493,0.1906866,0.3341177,0.20181,0.2246717,0.1745431,0.2966605,0.1934021,0.2989542,0.2241394,0.2530194,0.2545795,0.2430258,0.3303404,0.2214921,0.32963,0.1418277,0.2336361,0.2861733,0.2004331,0.1556067,0.3144042,0.1973287,0.1871292,0.1650863,0.2970378,0.2474738,0.1786787,0.2064158,0.2356767,0.2241124,0.167124,0.2105987,0.1829593,0.2051037,0.1841037,0.1906767,0.2399657,0.2293622,0.2220953,0.1555084,0.2128568,0.2382137,0.219836,0.2136561,0.2041253,0.2122533,0.2287963,0.2444315,0.283709,0.2311143,0.217674,0.3205471,0.1522142,0.1450438,0.2602696,0.2118903,0.1881519,0.256383,0.2707452,0.2145705,0.2470654,0.2065077,0.1440444,0.1704797,0.2131462,0.20729,0.1998924,0.3021034,0.2222113,0.3678109,0.140946,0.1704171,0.1517992,0.208827,0.2684381,0.3071162
82,82,0.3241014,0.2396936,0.1581626,0.3198862,0.3123274,0.192821,0.2282851,0.1493999,0.1773346,0.1908935,0.1590464,0.417708,0.2417569,0.3166859,0.3995126,0.2899377,0.1605982,0.1497159,0.1794866,0.1915269,0.2541545,0.2513447,0.2121969,0.2488112,0.2853442,0.2331857,0.2093002,0.1812593,0.2326891,0.2823148,0.1889835,0.3149337,0.1668985,0.2218115,0.226528,0.2798565,0.2454606,0.2229159,0.1904238,0.3112807,0.1803583,0.1774067,0.2836237,0.2420228,0.229097,0.1808961,0.3490642,0.2787341,0.302251,0.2433915,0.1182918,0.2026475,0.1828389,0.2287148,0.2471654,0.1796804,0.1528676,0.2018647,0.3159051,0.2194199,0.3466149,0.2127328,0.2213638,0.2341074,0.2618776,0.1999768,0.2348496,0.2064523,0.2308212,0.2550583,0.1860531,0.1758182,0.2818615,0.2038688,0.3352707,0.2029635,0.2168579,0.1856832,0.2667719,0.2012347,0.2815528,0.2593134,0.2771898,0.2674072,0.2517024,0.3384974,0.1749631,0.322574,0.1674724,0.2443028,0.2731334,0.2136774,0.1381451,0.3400969,0.1860328,0.1827313,0.1540655,0.2730543,0.2363576,0.1808303,0.2087066,0.1935036,0.2059664,0.2309426,0.2559459,0.2011375,0.2390299,0.1901511,0.2180763,0.2131186,0.1985876,0.2005249,0.1782515,0.2242753,0.2593416,0.2062468,0.2400422,0.2510371,0.212877,0.2066324,0.2588018,0.2826607,0.2688325,0.2100757,0.2928187,0.1640516,0.1360771,0.2560754,0.2057021,0.1741351,0.2296853,0.2616408,0.2354686,0.2598322,0.1975256,0.1727625,0.1843214,0.2172632,0.2004617,0.1904219,0.299179,0.210554,0.35449,0.1479574,0.1376633,0.1386236,0.2200014,0.2348173,0.3177833
83,83,0.3354325,0.2545551,0.1284517,0.2939459,0.2795959,0.1704239,0.2256257,0.1384874,0.1729916,0.193562,0.1758315,0.4420748,0.2522934,0.3067437,0.3866247,0.3114082,0.1570845,0.1657687,0.2076792,0.2059338,0.2628976,0.2568428,0.1851398,0.2344469,0.2909193,0.2440735,0.2059874,0.1462142,0.2301396,0.2853561,0.194355,0.2784689,0.1428981,0.2280369,0.2366259,0.2743661,0.2485062,0.1905326,0.1604871,0.292956,0.2041433,0.1913337,0.2544859,0.2280325,0.1907853,0.2026201,0.3408932,0.2732021,0.2645539,0.2110609,0.1112589,0.201141,0.1947978,0.2039803,0.2214867,0.1792496,0.1777712,0.2217562,0.3179583,0.2281421,0.3493489,0.1799699,0.2229198,0.1959589,0.2880326,0.1817474,0.2323954,0.2190981,0.245192,0.2143449,0.2372594,0.1729283,0.3094496,0.191428,0.3755783,0.1926438,0.2180847,0.2154452,0.264784,0.2155079,0.3003992,0.261419,0.2254961,0.2392936,0.2925964,0.3479438,0.1916769,0.3474895,0.1678992,0.2291375,0.2591101,0.2221819,0.1678806,0.3355126,0.1657013,0.175299,0.1605944,0.2894714,0.269058,0.1797934,0.1886843,0.1933889,0.1863231,0.2100073,0.2823136,0.2064885,0.2478901,0.1854244,0.185178,0.2228599,0.1882877,0.1944737,0.1829048,0.2510799,0.2369265,0.1873122,0.225402,0.2147331,0.2087127,0.2416447,0.2276861,0.2745282,0.2472465,0.2414751,0.2855827,0.1364757,0.1290036,0.2118351,0.2852266,0.1888249,0.2472387,0.2713672,0.3012938,0.2615967,0.1829458,0.1604805,0.1918284,0.2072889,0.1874603,0.2253417,0.3078848,0.2029442,0.3486898,0.1312206,0.1738258,0.1633684,0.2328117,0.244094,0.3264187
84,84,0.3438685,0.2401126,0.15967,0.307127,0.2771802,0.1622498,0.2108382,0.141754,0.1843492,0.1745394,0.1728217,0.4220869,0.2591887,0.3207143,0.370001,0.3082761,0.146078,0.1545466,0.2074093,0.181583,0.260787,0.242018,0.1986214,0.266519,0.3061194,0.212029,0.2110903,0.1686032,0.2312049,0.2794264,0.2051022,0.3100394,0.2015842,0.2298863,0.2598678,0.2761495,0.2112968,0.1890149,0.1732605,0.3065973,0.1955216,0.2086133,0.2624873,0.1984465,0.1937605,0.1930227,0.3455254,0.273585,0.2785639,0.2101052,0.1149952,0.1918774,0.1661097,0.220725,0.2602735,0.1918197,0.1653081,0.211499,0.2973949,0.1879161,0.3700042,0.206705,0.19499,0.1990188,0.2927527,0.1935947,0.2494596,0.2231865,0.2523933,0.2411979,0.2059441,0.1829252,0.2878746,0.185461,0.3637931,0.1855863,0.2340125,0.2256411,0.2854435,0.2066786,0.3092653,0.2440196,0.262093,0.2776161,0.2995694,0.3386426,0.1732737,0.3154524,0.191923,0.2572244,0.2893943,0.2108389,0.150269,0.3462577,0.1264722,0.1900966,0.1683113,0.2733918,0.2478855,0.203356,0.1796016,0.1935463,0.1945173,0.1967283,0.290961,0.2108542,0.2494818,0.1986477,0.1907559,0.2370903,0.1749579,0.225484,0.16401,0.2587956,0.2538454,0.1929893,0.2141058,0.1914737,0.2018216,0.2568827,0.2554961,0.2883813,0.2643026,0.2609471,0.2529188,0.1561709,0.1560793,0.2727215,0.3060215,0.1697365,0.2744167,0.2632252,0.2758413,0.2857934,0.2145265,0.1556148,0.1891897,0.2250981,0.2142569,0.1797782,0.2907569,0.2227567,0.3569766,0.136994,0.1755091,0.1563109,0.2068539,0.2830994,0.3200216
85,85,0.3509127,0.2656275,0.131431,0.3107545,0.2949577,0.1653568,0.2049985,0.1750728,0.1867537,0.1895065,0.2636997,0.4037431,0.2248907,0.3380306,0.3138719,0.3224867,0.1586085,0.1760732,0.2076443,0.1879915,0.2950625,0.2448241,0.2526119,0.2568275,0.3128732,0.2354416,0.2196105,0.1861552,0.2462861,0.3104281,0.1603555,0.3328313,0.1890361,0.2283851,0.2908388,0.2529082,0.1876488,0.1715236,0.1739464,0.3496787,0.1894232,0.2006591,0.2797079,0.2251524,0.2319657,0.1998527,0.3416117,0.2899794,0.2939458,0.2233987,0.1263373,0.1852597,0.2017016,0.2242604,0.22733,0.1944586,0.1505235,0.2134225,0.3385077,0.1967827,0.3747061,0.1976022,0.1830636,0.1922201,0.2912724,0.194165,0.2425532,0.2021672,0.2394606,0.2340202,0.2219668,0.1720165,0.2768302,0.2236675,0.3844517,0.2219062,0.2314781,0.1982467,0.2659404,0.1934677,0.3064579,0.2486167,0.2280164,0.286271,0.293306,0.2932502,0.1595384,0.3180762,0.1893125,0.2328996,0.2441134,0.1977842,0.1376249,0.3728349,0.1616733,0.2131616,0.1950501,0.2978521,0.26292,0.2038409,0.1916962,0.2679506,0.204386,0.2280908,0.2707965,0.2112648,0.2506622,0.1995154,0.2164902,0.202081,0.2100529,0.2317035,0.1969107,0.2520509,0.2626512,0.1946265,0.2154327,0.1932939,0.2196547,0.2342723,0.2324578,0.2930348,0.2646461,0.2253123,0.2653103,0.1520474,0.1718219,0.3119093,0.3761434,0.1853635,0.2548018,0.2692569,0.2756597,0.2690564,0.2004567,0.1740065,0.2385847,0.2305169,0.1966203,0.1708634,0.3373363,0.2234035,0.3569592,0.1233014,0.1478098,0.1771897,0.2245786,0.2485938,0.2898227
86,86,0.3373248,0.2473892,0.1453031,0.330992,0.2849757,0.1728713,0.2302424,0.1637441,0.224265,0.1871043,0.1774855,0.392315,0.2499489,0.3154273,0.3469188,0.3472413,0.1623922,0.136629,0.2178383,0.1944815,0.2792417,0.2283926,0.234731,0.2293486,0.3165738,0.2821405,0.2059134,0.1887178,0.260678,0.2916797,0.1989498,0.3349847,0.1767608,0.2263038,0.3131041,0.2681483,0.1881426,0.1898363,0.1627512,0.3176633,0.1903159,0.1802417,0.2741338,0.2278998,0.2437594,0.2058533,0.3534656,0.2733499,0.3151889,0.1891754,0.0973959,0.1984102,0.1595155,0.2296446,0.2258976,0.1716858,0.171694,0.2269192,0.3320296,0.1996846,0.3648843,0.1993458,0.1916577,0.2420734,0.2466318,0.1911004,0.2378777,0.1941093,0.223938,0.2359206,0.2143863,0.1570279,0.2481197,0.2118646,0.3972731,0.2390025,0.2176601,0.2155555,0.2562349,0.1908789,0.3214917,0.2640767,0.274446,0.315538,0.2602529,0.3024078,0.1695612,0.2960725,0.2003001,0.2584488,0.2546079,0.2160414,0.1211319,0.4107237,0.156924,0.1864871,0.1911229,0.3183288,0.2657193,0.1906893,0.2037266,0.2214017,0.2035636,0.2486356,0.2800642,0.1975769,0.2394805,0.1809179,0.2273839,0.2257683,0.2389666,0.2142972,0.1858195,0.2008084,0.2405168,0.1857425,0.2258257,0.2206701,0.2080483,0.2473326,0.2442668,0.2893604,0.2381648,0.2110592,0.2456881,0.1379772,0.1456714,0.291826,0.3595194,0.1855372,0.2641861,0.2787464,0.2529799,0.3021065,0.218313,0.1585336,0.2470684,0.2205365,0.191991,0.1310428,0.3372189,0.2417358,0.3246293,0.14128,0.1662469,0.1678654,0.2319403,0.2743576,0.3045892
87,87,0.344615,0.2410526,0.1910195,0.2991193,0.3117988,0.1473066,0.2200235,0.1480694,0.200567,0.2106209,0.1866199,0.3815621,0.25431,0.2982322,0.3194686,0.3057056,0.1772286,0.154708,0.2010405,0.16146,0.2860167,0.2313143,0.2223538,0.2672917,0.3577831,0.2981098,0.1956064,0.1805927,0.2487748,0.2698499,0.1754247,0.3330375,0.1814383,0.204641,0.3264813,0.2460234,0.218009,0.1708681,0.1871037,0.3630045,0.1938518,0.210681,0.3205979,0.1965247,0.2296112,0.1764613,0.3308096,0.2845164,0.2667988,0.2216958,0.1291346,0.2264548,0.1514938,0.2415465,0.2509205,0.1775316,0.158705,0.2089763,0.3724797,0.3294056,0.3690899,0.2462506,0.2222944,0.2333675,0.2852938,0.2115565,0.2430874,0.2271682,0.2261149,0.2269365,0.2607942,0.1500065,0.240096,0.2445199,0.3803891,0.2515043,0.2463048,0.2121535,0.2565423,0.2211998,0.3224971,0.2578455,0.2566085,0.3088209,0.2725008,0.3251599,0.2056156,0.3119213,0.2042993,0.2941313,0.2532786,0.2029194,0.1384186,0.3627695,0.1727111,0.257229,0.1853587,0.2704352,0.2515743,0.2172354,0.2026,0.2311872,0.1982198,0.2140727,0.2702005,0.2164611,0.2446107,0.1478378,0.2189621,0.2322803,0.2037804,0.2224949,0.1944305,0.2474287,0.2420769,0.1965613,0.2419229,0.1931323,0.2135863,0.2066873,0.259806,0.2793958,0.2375909,0.260792,0.2643554,0.2282044,0.1295364,0.3076659,0.3542548,0.2012222,0.2541932,0.2424819,0.2460748,0.3002202,0.2019536,0.1700397,0.2164066,0.2236736,0.2001043,0.1435305,0.326236,0.2599375,0.3223358,0.1434034,0.1419261,0.1821252,0.2202986,0.2838077,0.2950653
88,88,0.353702,0.2409951,0.1846425,0.3388968,0.3006207,0.1557128,0.2736512,0.1742915,0.2093074,0.2115511,0.1684061,0.4071959,0.2526177,0.3071994,0.3405988,0.3000008,0.1535709,0.1607358,0.2047597,0.2629048,0.291777,0.2238164,0.2067029,0.2654445,0.3217036,0.3223925,0.2209503,0.1682189,0.2399754,0.2959091,0.1659577,0.3269853,0.1646405,0.2169971,0.2617028,0.2351228,0.237871,0.1858089,0.1729975,0.2938787,0.1818533,0.2325781,0.3068984,0.2181854,0.2317099,0.2010027,0.3776374,0.2734911,0.2889269,0.2123371,0.1342736,0.2076937,0.1510769,0.2230709,0.2397116,0.1659047,0.2153292,0.1998506,0.3122326,0.3148768,0.3707631,0.2239146,0.1978552,0.2125419,0.2750807,0.2287008,0.2437353,0.2417737,0.2286588,0.2279438,0.2638214,0.166501,0.2563508,0.2451414,0.3926638,0.2137806,0.2390859,0.1667523,0.2806973,0.2033068,0.3260374,0.2333718,0.2704193,0.3168512,0.2587006,0.2759928,0.1788402,0.3429549,0.1976763,0.2696522,0.2712368,0.1888863,0.1674702,0.3563992,0.1923048,0.218145,0.1767499,0.349696,0.2414678,0.1782644,0.1810704,0.204645,0.204909,0.2701968,0.2818112,0.1992782,0.2828169,0.1186017,0.2166922,0.1857769,0.2099529,0.2090631,0.1805436,0.2066597,0.2432694,0.1835656,0.2108841,0.1850711,0.2060753,0.2781916,0.2393654,0.2950958,0.2276357,0.2668687,0.2304473,0.2319318,0.1261794,0.3507723,0.381449,0.2047926,0.273745,0.2689592,0.2494048,0.3271484,0.2201199,0.1760174,0.2051173,0.2278551,0.206878,0.1407771,0.3003374,0.2514944,0.3039099,0.1670737,0.1556806,0.1545494,0.2118296,0.2641143,0.3047239
89,89,0.3507711,0.2822353,0.1940997,0.3120989,0.2848594,0.1650449,0.2521147,0.1567218,0.2575562,0.1914362,0.1920951,0.4006001,0.2288121,0.3332987,0.4331135,0.3159845,0.1791923,0.1327118,0.193986,0.2650449,0.2905973,0.2468983,0.2211673,0.2440465,0.2901493,0.3310955,0.2306563,0.1527894,0.2509367,0.2838188,0.1767698,0.2988966,0.1632095,0.2393767,0.2731794,0.2346548,0.2663652,0.185769,0.1787148,0.3321175,0.1767373,0.1835215,0.278926,0.1812532,0.2360115,0.1703551,0.318136,0.3143073,0.2662809,0.2392162,0.1190435,0.1744947,0.1362266,0.2233214,0.2206323,0.190261,0.2175885,0.2128686,0.2888634,0.3251046,0.3735112,0.2814334,0.213343,0.2261096,0.2891745,0.1932741,0.1844502,0.2178702,0.2153424,0.220101,0.2623073,0.1567904,0.2697513,0.2341044,0.4034289,0.2227136,0.2396221,0.1899956,0.3109317,0.2371441,0.3357711,0.2073546,0.2747399,0.2781304,0.2653189,0.3065314,0.2000844,0.3124708,0.167553,0.2801374,0.2415883,0.2054975,0.1532932,0.3690576,0.1903545,0.2132831,0.1609631,0.3538176,0.2456668,0.2068708,0.2026162,0.1959242,0.1996512,0.2337793,0.250559,0.2085445,0.2506386,0.1321043,0.1639628,0.1937636,0.2062206,0.2091835,0.1912583,0.1930168,0.2296324,0.1977704,0.2121539,0.203483,0.2435155,0.2171583,0.2329632,0.29664,0.2158864,0.2692952,0.2746384,0.2788071,0.1457575,0.3145006,0.3597781,0.1655322,0.2399583,0.2663412,0.2586933,0.2950935,0.214195,0.1485566,0.1773589,0.2601865,0.1852299,0.1693753,0.3283295,0.2644587,0.3185028,0.158467,0.1544964,0.1892581,0.2264621,0.2743145,0.3006577
90,90,0.3529414,0.2266049,0.1913822,0.3266037,0.2825311,0.16415,0.2588413,0.1681741,0.2526787,0.1861967,0.1852968,0.4201872,0.2347918,0.3211058,0.3457899,0.3408027,0.199951,0.1500254,0.2171499,0.2566176,0.2817073,0.3036289,0.2127649,0.2205902,0.3519042,0.3134648,0.215674,0.1448143,0.2575311,0.2749178,0.2013058,0.3063783,0.119219,0.238248,0.2605951,0.2375159,0.2937582,0.2061097,0.1899646,0.2922722,0.181444,0.1950705,0.2904153,0.1726454,0.2236214,0.1746969,0.3385565,0.2889136,0.2527703,0.2423168,0.124644,0.1600518,0.1438795,0.2254092,0.2724483,0.1634845,0.2193955,0.223663,0.3247631,0.2931092,0.357584,0.2143771,0.198025,0.2186604,0.3068442,0.1703136,0.2156618,0.2493193,0.2582481,0.2466661,0.2560642,0.1718335,0.2659852,0.2463041,0.3984871,0.2346194,0.2260962,0.1858239,0.2419391,0.2180614,0.3543881,0.2118951,0.2361983,0.3279901,0.2460442,0.3098656,0.1644234,0.2648856,0.2271895,0.2759727,0.4057563,0.1661644,0.1549032,0.3571898,0.2003988,0.1913776,0.1854078,0.3788954,0.2547557,0.1897918,0.2102128,0.2207227,0.2090057,0.2507252,0.2482116,0.2003507,0.2064188,0.1554127,0.1809133,0.2599213,0.1828774,0.2245191,0.2126658,0.1996004,0.2170594,0.1932979,0.208491,0.1698205,0.2165584,0.2106615,0.2207368,0.2825516,0.2276558,0.3326357,0.2200181,0.2427342,0.1412534,0.3462757,0.3624542,0.1806049,0.2222468,0.2731827,0.2502632,0.2840013,0.2472008,0.1635711,0.1882556,0.2473725,0.1817344,0.1546143,0.3093761,0.2771769,0.2897631,0.127116,0.153776,0.1500888,0.2531977,0.2743689,0.3391166
91,91,0.3603498,0.2306824,0.2097962,0.2958786,0.2810023,0.1634324,0.2697412,0.1528352,0.2498924,0.1891543,0.191887,0.4197501,0.2335628,0.3490788,0.3426498,0.344584,0.1926644,0.1415111,0.2074683,0.1690764,0.2569513,0.2894613,0.215286,0.2298685,0.2916032,0.3131638,0.194275,0.1605223,0.2541381,0.2829333,0.1939722,0.3538143,0.1261978,0.2105193,0.2679208,0.2446905,0.2977704,0.2795844,0.1700504,0.3035203,0.1746848,0.1869132,0.2941749,0.1878763,0.231054,0.1890492,0.3370147,0.3063194,0.2622674,0.2301381,0.1308924,0.1682855,0.1743025,0.2136776,0.2798553,0.1773849,0.2000535,0.2060954,0.3342722,0.27174,0.3491345,0.202003,0.2143988,0.1743857,0.2753083,0.1992179,0.265947,0.2098878,0.2459785,0.263755,0.302239,0.1549962,0.2575052,0.2511581,0.3672362,0.2093551,0.2170972,0.1715238,0.2052369,0.2340347,0.3432037,0.220711,0.212605,0.3378581,0.265319,0.281986,0.1848346,0.2610545,0.2099263,0.2695017,0.3369139,0.1730093,0.1343648,0.3643004,0.2195864,0.2033785,0.1607515,0.3317033,0.2824693,0.1727383,0.2317821,0.2637342,0.2066598,0.203416,0.2452597,0.2184281,0.2439716,0.135575,0.1990232,0.3410836,0.1906635,0.2124176,0.2230299,0.1956905,0.23338,0.2022586,0.2069179,0.167514,0.2345584,0.2375045,0.2296989,0.2787518,0.2395024,0.3433769,0.2743138,0.2178915,0.119965,0.334944,0.3302803,0.1839675,0.2560348,0.2429089,0.2513018,0.2726659,0.2030936,0.1541675,0.1848754,0.2671436,0.2004549,0.1342681,0.3139428,0.2431487,0.3009859,0.1098287,0.1688931,0.1882011,0.2133897,0.2942062,0.3087755
92,92,0.3518554,0.2137722,0.1828349,0.2846403,0.2790164,0.1897447,0.2731805,0.1499705,0.2490344,0.1617604,0.1897885,0.4375594,0.2448221,0.3599197,0.3547011,0.3865851,0.1919304,0.1714615,0.1965547,0.1843191,0.2580342,0.2556236,0.2069621,0.2446475,0.3228281,0.2889546,0.2000756,0.157167,0.2624283,0.2836028,0.2188424,0.3160097,0.1408479,0.2168823,0.2758789,0.2497363,0.354935,0.2464445,0.1845586,0.2954157,0.1857701,0.188174,0.3078046,0.1706494,0.2551394,0.1950975,0.3445466,0.3194515,0.2811939,0.2429012,0.0979967,0.1889585,0.1519992,0.2056845,0.2534781,0.1708152,0.197271,0.2131743,0.3583793,0.2601485,0.3545905,0.2245141,0.1821665,0.2095442,0.2618399,0.1922843,0.2427476,0.1967023,0.2362006,0.2140697,0.2526331,0.147284,0.2001595,0.2136832,0.364786,0.2110523,0.1931015,0.1474544,0.2025572,0.2296019,0.3597365,0.2323769,0.214182,0.3014326,0.2115682,0.2750097,0.1671967,0.2151915,0.1782205,0.2449979,0.3370259,0.1796168,0.1600785,0.3760261,0.1907987,0.2508432,0.1658926,0.3049999,0.2924858,0.1940494,0.1960715,0.2516182,0.2086796,0.22395,0.2573714,0.2457353,0.2420541,0.1299992,0.1934184,0.3397,0.1915127,0.216728,0.2167084,0.1715003,0.2167091,0.1857186,0.1865706,0.1745714,0.2181883,0.244438,0.2450092,0.2857817,0.2532007,0.3527059,0.2686874,0.2382867,0.1650677,0.4371081,0.3509241,0.199762,0.2390241,0.2646501,0.2558364,0.3153788,0.2156821,0.1594824,0.1946,0.2274267,0.241815,0.1635579,0.3154463,0.2393424,0.3030823,0.1128216,0.1601446,0.1829879,0.2326739,0.2771129,0.3183654
93,93,0.3743354,0.2402238,0.1991088,0.3037246,0.278748,0.1637281,0.2473894,0.1414425,0.2583776,0.1970866,0.1765171,0.4178882,0.215268,0.3438233,0.3366805,0.308701,0.1715495,0.1798698,0.2046567,0.1831284,0.2781785,0.266182,0.2126878,0.2395367,0.2851517,0.2980997,0.1899926,0.162652,0.256754,0.2802964,0.2076586,0.3226474,0.1547518,0.2123874,0.3166763,0.2556346,0.2702064,0.2661908,0.1827031,0.2968572,0.1814643,0.190898,0.3021641,0.1659054,0.2404161,0.1980639,0.3411995,0.3998261,0.2603604,0.2390912,0.128951,0.1816203,0.1491858,0.2269327,0.257769,0.1826891,0.2073443,0.2027577,0.3254331,0.2849825,0.3387009,0.2267775,0.2020722,0.204802,0.2661489,0.2009221,0.2539817,0.2268065,0.2311501,0.2386863,0.286763,0.1542863,0.1919158,0.2323608,0.418515,0.2282596,0.1958042,0.1501856,0.2209081,0.2141549,0.3584516,0.2981896,0.2387573,0.3072997,0.2075779,0.27648,0.1623371,0.2937787,0.1914881,0.1966855,0.2258034,0.1951177,0.1366198,0.3625219,0.1939661,0.2273146,0.1799296,0.2926947,0.2590652,0.1988631,0.2187493,0.1964722,0.1986768,0.192992,0.2483083,0.2190097,0.2141967,0.1547444,0.1794728,0.33264,0.1875726,0.2104276,0.2247947,0.2095505,0.2619349,0.197432,0.1953258,0.2208509,0.2338117,0.2467284,0.230018,0.2688252,0.2322697,0.3471546,0.267551,0.2238371,0.1722448,0.3738784,0.3546861,0.1595082,0.2130941,0.2844059,0.2567583,0.2972223,0.2258369,0.1695105,0.1761104,0.2149442,0.1900945,0.1554755,0.3074202,0.2474053,0.3321384,0.10601,0.1424717,0.1859472,0.2294473,0.2690057,0.3295627
94,94,0.3427736,0.2302851,0.1913598,0.311296,0.2770824,0.1927185,0.2628777,0.1546762,0.2416821,0.1563792,0.1754027,0.4634497,0.2461613,0.3351393,0.4059404,0.3640343,0.1691666,0.1671866,0.2079938,0.1567594,0.2826708,0.2755508,0.2256491,0.2259128,0.3407426,0.3318504,0.2034301,0.176015,0.26697,0.2750237,0.2384675,0.2652311,0.1609517,0.2042076,0.2827755,0.2626464,0.2793145,0.2711244,0.1807402,0.3255828,0.1930181,0.1921601,0.3001589,0.1335904,0.2415856,0.2438927,0.3551138,0.2438723,0.2804154,0.2457396,0.1619229,0.2097943,0.1678536,0.2258774,0.2315818,0.1761574,0.2302224,0.2405584,0.3110328,0.3050099,0.3395737,0.2364163,0.2096602,0.2044608,0.2819144,0.2367105,0.3083403,0.2835347,0.2550584,0.2475163,0.3130852,0.1610396,0.2031542,0.1962867,0.3648874,0.2203782,0.1956107,0.157261,0.2077121,0.221362,0.3524551,0.2879806,0.2265604,0.2993984,0.1960787,0.2690489,0.1629646,0.2146871,0.2014521,0.1658261,0.2661125,0.200277,0.1491213,0.3786201,0.1636561,0.2158174,0.1735788,0.309191,0.3012977,0.1953756,0.2436297,0.2189393,0.2749151,0.1745072,0.2480405,0.2437932,0.2102357,0.155298,0.2009037,0.3248563,0.1900315,0.2042764,0.1978372,0.2032146,0.2347025,0.1800424,0.2440981,0.1931296,0.2354075,0.2438872,0.2327793,0.2696895,0.2672407,0.3636085,0.257721,0.1972368,0.1508276,0.4181713,0.3415907,0.1655931,0.2634271,0.2703956,0.243044,0.299813,0.1845825,0.1442964,0.1999551,0.1937862,0.1948575,0.1582479,0.3087125,0.2588109,0.3074115,0.1276446,0.138412,0.1892683,0.2291992,0.2789581,0.312641
95,95,0.3579013,0.227329,0.2406845,0.3011781,0.2739664,0.2183,0.2551405,0.1660203,0.2423995,0.1883882,0.1759311,0.4580413,0.2530161,0.2970786,0.4019926,0.3143741,0.1844206,0.1971555,0.2163252,0.1688677,0.2383695,0.249395,0.2269476,0.2202848,0.3005424,0.3149558,0.2062237,0.1886309,0.2516961,0.2853584,0.2316409,0.2872691,0.1328875,0.2051305,0.2355638,0.2497596,0.2760452,0.2704325,0.1719093,0.3304514,0.2198423,0.2032117,0.2922974,0.2011167,0.2339231,0.173347,0.3488912,0.3003233,0.2781262,0.2547927,0.1816016,0.1924641,0.1538257,0.2194118,0.2597861,0.1854465,0.2079783,0.2325044,0.3201478,0.2947699,0.3468529,0.2292704,0.1992671,0.1851544,0.306036,0.2359191,0.3637269,0.2467117,0.2156026,0.2508337,0.269693,0.158757,0.2065918,0.2108781,0.362986,0.2253648,0.2303684,0.1514856,0.2388727,0.234244,0.3650572,0.2745549,0.2197044,0.3273011,0.2111615,0.2772676,0.1537157,0.2451207,0.1863257,0.1401706,0.2414672,0.1880985,0.1736998,0.3516125,0.2107392,0.2266011,0.1492427,0.3376196,0.330447,0.1888891,0.2522435,0.212519,0.2342887,0.1593562,0.2512082,0.2604677,0.2176567,0.1558418,0.2104405,0.3408695,0.2055788,0.2310457,0.2326247,0.1756542,0.2407387,0.183188,0.2012085,0.214719,0.2346756,0.2395743,0.2373693,0.2670697,0.2806444,0.3550114,0.2602209,0.2945534,0.1626092,0.3808708,0.3526464,0.1679364,0.2504691,0.2627906,0.2360178,0.3148798,0.2070456,0.1838702,0.1946294,0.1998111,0.2229855,0.1296553,0.2745262,0.2589882,0.3063902,0.1526935,0.1504614,0.1674356,0.2869332,0.2830197,0.3173354
96,96,0.3333258,0.2129574,0.1877373,0.2915743,0.2569562,0.1852173,0.2428488,0.1714476,0.2415238,0.182072,0.1886164,0.4342135,0.2546143,0.3095569,0.3720013,0.3243703,0.1682025,0.2006018,0.2301635,0.165605,0.2766514,0.2914861,0.249028,0.2427721,0.2834903,0.3125826,0.2434932,0.1766686,0.2534006,0.3669513,0.2093814,0.2794989,0.1292891,0.2072194,0.2766116,0.2438333,0.2618273,0.3178324,0.1818907,0.2974913,0.2375511,0.1930984,0.2968538,0.2328629,0.2278771,0.2093364,0.3348296,0.2791146,0.343008,0.2617307,0.1773059,0.2192581,0.1635391,0.230474,0.2539741,0.1604569,0.2771653,0.2188389,0.2777571,0.3350234,0.3615349,0.2245692,0.2011875,0.1930999,0.3380414,0.209872,0.4096656,0.2482384,0.2435645,0.2331425,0.2914158,0.1652217,0.1901371,0.2217214,0.3583414,0.2286034,0.2064798,0.1692925,0.2325604,0.2386153,0.3659328,0.3151858,0.2442902,0.2976242,0.2082736,0.2427566,0.1781344,0.2431103,0.204205,0.1589194,0.265553,0.17632,0.1633999,0.3437065,0.208354,0.1976429,0.1905267,0.3169373,0.3611507,0.181506,0.2735085,0.2183776,0.2478393,0.1692771,0.2312861,0.2952976,0.2308647,0.1721834,0.2415321,0.3135823,0.2013554,0.2412202,0.2197306,0.2137313,0.2221254,0.1764926,0.1905301,0.1623169,0.2216747,0.2171378,0.2240315,0.2449985,0.2634135,0.3343748,0.3433968,0.1680706,0.1802523,0.3717801,0.3605454,0.1625687,0.2629411,0.267964,0.2611575,0.2886814,0.1879725,0.1486305,0.213903,0.2065915,0.1776526,0.1300642,0.2759308,0.2250193,0.3139838,0.1618812,0.155854,0.1605545,0.2289665,0.2834546,0.3268093
97,97,0.2707603,0.257029,0.1894076,0.2804362,0.2712604,0.1696078,0.2481761,0.1531307,0.1991946,0.1676754,0.2225073,0.4283314,0.2457465,0.2923754,0.3946328,0.2860646,0.1542193,0.2020063,0.2259649,0.1889855,0.2588159,0.2717326,0.2708879,0.2691513,0.2856335,0.3022308,0.2351511,0.1809814,0.2493599,0.3502127,0.2103025,0.3376543,0.1441965,0.1727229,0.3033869,0.2358549,0.2776023,0.3318237,0.1829951,0.2656876,0.2195286,0.1942947,0.3603081,0.1865504,0.22195,0.1877251,0.3311849,0.2795324,0.3235546,0.2386866,0.2022515,0.2097158,0.1503967,0.2206825,0.2750513,0.2075165,0.2266999,0.2223081,0.2864373,0.2952157,0.3499408,0.2319265,0.1973864,0.1977299,0.337182,0.2667786,0.3921542,0.2485296,0.2346117,0.255024,0.2785327,0.1687315,0.1750826,0.1928517,0.3662503,0.2522821,0.1761483,0.1314844,0.2102306,0.2575403,0.3473025,0.3355381,0.2595338,0.2927399,0.2436161,0.223078,0.1704239,0.2272953,0.2144621,0.1725257,0.244244,0.1874242,0.1627302,0.3520817,0.2228926,0.2451058,0.208335,0.3283682,0.3717629,0.1859111,0.2335985,0.1996893,0.2494308,0.2130452,0.2395772,0.2829152,0.2175146,0.1428948,0.2848675,0.3196332,0.1899974,0.2333034,0.1983917,0.2261174,0.2028124,0.2019701,0.2000038,0.204071,0.2421947,0.2249099,0.211838,0.2752251,0.2456183,0.3322355,0.2965295,0.1734703,0.1776698,0.3714777,0.3382284,0.1792048,0.2389271,0.2537024,0.2583329,0.3231694,0.2050518,0.1569694,0.1844886,0.2006288,0.2387364,0.1406125,0.2775613,0.2393456,0.3141999,0.1753073,0.2018965,0.1782854,0.2321742,0.2927995,0.3161058
98,98,0.2425038,0.2797917,0.2135223,0.3039876,0.2847742,0.1837151,0.2453877,0.1552953,0.1555437,0.2063158,0.2053454,0.4306116,0.2540806,0.3296394,0.335002,0.3036236,0.1637554,0.2222272,0.2191973,0.1624926,0.2522946,0.3027503,0.2088958,0.2466107,0.2770345,0.2711874,0.2098562,0.1826762,0.2290706,0.3162425,0.2096499,0.2815384,0.1663049,0.2192478,0.2579787,0.2544337,0.2544712,0.3249341,0.1638361,0.306875,0.2171761,0.1897493,0.3290563,0.2014924,0.2237147,0.1884392,0.3323029,0.2087214,0.3441248,0.2463575,0.1438964,0.2663331,0.1408653,0.2605717,0.2567137,0.1839703,0.2043955,0.2054451,0.2443498,0.2111109,0.3385068,0.1865378,0.1880178,0.2047212,0.3398703,0.2578472,0.2343613,0.2535623,0.241112,0.2270022,0.2786877,0.1832183,0.2097489,0.1785022,0.3626561,0.1957361,0.1855991,0.1596576,0.190522,0.2476126,0.3319064,0.3398236,0.2463928,0.2847885,0.2107685,0.2697191,0.1621491,0.2381479,0.2247074,0.1719777,0.2632318,0.1873785,0.2444801,0.3534894,0.1948537,0.2432751,0.1756489,0.4659013,0.3931352,0.1959067,0.2537793,0.1917509,0.2195225,0.183923,0.2510997,0.2410881,0.2226418,0.1563497,0.2863056,0.3207134,0.1874397,0.2502822,0.2436837,0.2278443,0.2081098,0.2180725,0.192176,0.1529482,0.201102,0.241884,0.2349638,0.2516919,0.2473162,0.3724934,0.3171346,0.1713264,0.1921763,0.3620056,0.3571845,0.1663125,0.240469,0.2922181,0.2319451,0.3046514,0.2074503,0.1300258,0.185123,0.2018824,0.1986663,0.1415518,0.2569879,0.233773,0.3229177,0.1916164,0.1805444,0.1941398,0.2457034,0.2783471,0.3000415
99,99,0.2528739,0.2798198,0.2368484,0.2944612,0.2821552,0.2573014,0.2908499,0.1492546,0.1572762,0.1902302,0.2183222,0.4111432,0.2306998,0.3434849,0.3325159,0.3096979,0.1690669,0.2122703,0.214878,0.1638946,0.2616559,0.2611021,0.2374278,0.2718733,0.305729,0.3044366,0.2031029,0.2117939,0.2474321,0.2957174,0.2284621,0.273774,0.1495197,0.2140552,0.2892776,0.2554044,0.2970721,0.3531629,0.171665,0.2915819,0.2393653,0.1878126,0.3161133,0.1871365,0.2395987,0.2248892,0.3325146,0.2447888,0.3356538,0.2396959,0.1611749,0.2317449,0.1654027,0.2224713,0.2308884,0.2036411,0.2944542,0.2153375,0.2944407,0.2299951,0.3486958,0.1884994,0.1932046,0.1957421,0.2992028,0.2509843,0.2425817,0.2643744,0.260016,0.2217556,0.2992302,0.1697546,0.205417,0.1588223,0.3621643,0.2033984,0.1766621,0.1289523,0.2352635,0.2529768,0.3423571,0.3209094,0.2374229,0.3101214,0.2695314,0.2438417,0.1985769,0.2297646,0.1841808,0.1978789,0.2780663,0.1894597,0.208809,0.3569834,0.2154293,0.2493263,0.1589953,0.366302,0.395569,0.171372,0.2508392,0.2416475,0.2434474,0.1856124,0.2499201,0.2365877,0.2326334,0.1657013,0.3251897,0.320581,0.1785292,0.2462013,0.2135558,0.1790375,0.1829213,0.1951783,0.1827528,0.1658158,0.2246529,0.2204048,0.2591139,0.2711226,0.3042902,0.3588938,0.2766844,0.1670735,0.1789747,0.3712982,0.3466411,0.1692751,0.228075,0.2772758,0.2715676,0.2644809,0.1975056,0.1523543,0.1894,0.1916978,0.2009678,0.1923812,0.2659378,0.2344876,0.2991881,0.1514282,0.1740187,0.1931091,0.2360465,0.2692524,0.2980891
100,100,0.2479251,0.2745289,0.2210909,0.3034245,0.2854775,0.2648271,0.2835983,0.1602425,0.1641464,0.1641613,0.2037044,0.4173277,0.2059593,0.3428317,0.3766614,0.3395328,0.1638782,0.2107854,0.2206572,0.1686124,0.2548216,0.2582575,0.2351382,0.2419817,0.2892821,0.296001,0.2333446,0.2161743,0.2401771,0.3011643,0.1877564,0.3069703,0.1670667,0.2282737,0.3320422,0.2636711,0.3027104,0.2987554,0.1715042,0.2581289,0.2049838,0.1990953,0.3041354,0.1758911,0.2348945,0.2012751,0.3533037,0.2139114,0.3357339,0.2566909,0.1868814,0.257529,0.1636144,0.255781,0.2511811,0.1816773,0.3492479,0.2273047,0.2749824,0.2534942,0.3696991,0.203399,0.193243,0.1640887,0.3028326,0.2096767,0.1885877,0.2847541,0.3050964,0.2494552,0.2585619,0.1653753,0.1998092,0.1748664,0.3545259,0.2247503,0.2003711,0.1608322,0.2209775,0.2380181,0.3420807,0.3298426,0.2327067,0.2929508,0.252654,0.2704195,0.2127302,0.2301645,0.2224962,0.2053874,0.2961445,0.1890317,0.2614802,0.4029554,0.210441,0.2153143,0.1675016,0.3593189,0.375031,0.1881425,0.2475969,0.2341286,0.2420645,0.1604819,0.2300421,0.2632124,0.2309169,0.1394187,0.2878173,0.3293568,0.1471742,0.2277882,0.2597858,0.1712889,0.2106484,0.1814529,0.2391498,0.1625156,0.2274406,0.2260778,0.2510425,0.2550754,0.2583945,0.378658,0.2414206,0.1965423,0.1732219,0.354987,0.34716,0.1701629,0.2431904,0.2736917,0.2528919,0.2550514,0.1833499,0.1309705,0.2040672,0.1852572,0.2041639,0.1818175,0.2907449,0.2321974,0.3204305,0.1512882,0.2009968,0.1615753,0.2450599,0.2898353,0.3005342
